SKU_ID,Warehouse_ID,Warehouse_Name,Product_Category,ABC_Class,Supplier_ID,Unit_Cost,Unit_Price,Lead_Time_Days,Lead_Time_Variability_Days,Avg_Daily_Demand,Demand_Std_Dev,Units_Sold_YTD,Current_Stock,Stockout_Events_YTD,Avg_Stockout_Duration_Days,Holding_Cost_Per_Unit,Static_Reorder_Point,Demand_Forecast_AI,AI_Reorder_Point,Static_Order_Qty_Units,AI_Order_Qty_Units,Forecast_MAPE_Pct,Reorder_Flag,Snapshot_Date
SKU-0001,WH-BTM-03,Batam,FMCG Household,C,SUP-003,4.39,5.75,13,3.3,8.09,2.62,1842,562,0,0.0,0.68,174,254,121,2186,1977,12.0,0,2026-08-31
SKU-0002,WH-BTM-03,Batam,Medical Supplies,C,SUP-019,59.14,80.99,27,8.6,0.66,0.2,138,36,1,1.6,9.11,21,18,20,171,154,16.8,0,2026-08-31
SKU-0003,WH-BTM-03,Batam,FMCG Household,C,SUP-025,11.35,25.27,11,1.6,2.4,0.57,532,469,2,2.3,1.75,79,78,30,742,671,13.2,0,2026-08-31
SKU-0004,WH-BTM-03,Batam,Automotive Parts,B,SUP-039,85.36,109.91,46,13.8,8.39,3.65,1940,386,8,17.7,13.15,274,227,427,506,458,6.7,1,2026-08-31
SKU-0005,WH-BTM-03,Batam,Consumer Electronics,C,SUP-022,162.71,228.46,31,6.6,1.51,1.01,349,81,6,12.6,25.06,37,40,56,156,141,14.0,0,2026-08-31
SKU-0006,WH-BTM-03,Batam,Apparel & Textiles,C,SUP-014,72.61,94.45,35,7.3,1.16,1.0,281,209,8,0.5,11.18,33,31,50,204,185,16.6,0,2026-08-31
SKU-0007,WH-BTM-03,Batam,FMCG Household,C,SUP-023,3.37,4.55,12,2.3,40.74,13.07,9900,5403,1,3.3,0.52,1391,1330,563,5609,5073,4.7,0,2026-08-31
SKU-0008,WH-BTM-03,Batam,FMCG Household,A,SUP-008,23.68,42.53,11,2.2,109.71,27.4,26660,4302,0,0.0,3.65,3204,3274,1356,3474,3142,10.6,0,2026-08-31
SKU-0009,WH-BTM-03,Batam,Consumer Electronics,B,SUP-004,366.21,528.43,32,7.4,1.51,0.74,362,111,2,19.0,56.4,43,46,55,104,94,15.5,0,2026-08-31
SKU-0010,WH-BTM-03,Batam,Medical Supplies,C,SUP-028,74.54,129.62,20,2.5,1.6,0.57,363,181,2,0.8,11.48,69,48,36,237,214,10.6,0,2026-08-31
SKU-0011,WH-BTM-03,Batam,Industrial Components,C,SUP-040,55.17,97.21,31,6.4,2.88,0.87,636,209,6,0.8,8.5,70,78,97,369,334,11.3,0,2026-08-31
SKU-0012,WH-BTM-03,Batam,Apparel & Textiles,B,SUP-034,60.27,127.1,33,8.7,6.87,5.11,1571,245,1,9.1,9.28,259,194,275,545,493,5.5,1,2026-08-31
SKU-0013,WH-BTM-03,Batam,Automotive Parts,C,SUP-024,68.3,87.76,37,8.3,0.45,0.2,106,125,8,3.7,10.52,10,13,19,131,119,10.7,0,2026-08-31
SKU-0014,WH-BTM-03,Batam,FMCG Household,C,SUP-002,12.12,25.64,9,1.3,7.38,1.93,1759,993,2,0.9,1.87,258,193,76,1259,1139,1.8,0,2026-08-31
SKU-0015,WH-BTM-03,Batam,Medical Supplies,A,SUP-040,173.02,310.56,17,3.2,5.5,1.82,1298,275,0,0.0,26.65,194,158,106,288,260,11.1,0,2026-08-31
SKU-0016,WH-BTM-03,Batam,Industrial Components,B,SUP-018,258.9,358.88,41,8.6,2.68,1.16,608,196,6,3.4,39.87,73,73,122,164,149,3.9,0,2026-08-31
SKU-0017,WH-BTM-03,Batam,Medical Supplies,B,SUP-012,141.71,282.44,28,7.5,3.15,1.09,750,123,5,8.0,21.82,71,99,98,241,218,3.4,0,2026-08-31
SKU-0018,WH-BTM-03,Batam,Consumer Electronics,B,SUP-036,161.61,342.38,27,8.8,2.68,1.5,651,139,4,1.6,24.89,47,85,85,208,188,4.8,0,2026-08-31
SKU-0019,WH-BTM-03,Batam,FMCG Household,C,SUP-030,20.19,29.33,10,2.4,1.27,0.36,304,133,0,0.0,3.11,34,34,15,405,366,17.9,0,2026-08-31
SKU-0020,WH-BTM-03,Batam,Automotive Parts,B,SUP-030,255.73,569.26,50,13.5,0.74,0.4,169,17,4,2.8,39.38,25,22,42,87,79,7.3,1,2026-08-31
SKU-0021,WH-BTM-03,Batam,FMCG Household,C,SUP-012,12.7,20.6,10,1.2,4.42,1.31,965,419,1,1.5,1.96,104,155,51,952,861,5.4,0,2026-08-31
SKU-0022,WH-BTM-03,Batam,Industrial Components,B,SUP-040,173.1,307.59,47,15.9,2.72,0.97,593,87,5,4.5,26.66,85,74,139,202,183,12.8,1,2026-08-31
SKU-0023,WH-BTM-03,Batam,Apparel & Textiles,C,SUP-019,8.93,20.99,33,5.9,1.99,1.54,438,437,13,6.4,1.38,42,62,80,761,688,9.5,0,2026-08-31
SKU-0024,WH-BTM-03,Batam,FMCG Household,C,SUP-022,8.23,12.66,10,1.9,11.37,2.89,2633,1383,2,2.1,1.27,330,344,129,1896,1715,4.8,0,2026-08-31
SKU-0025,WH-BTM-03,Batam,FMCG Household,B,SUP-031,16.13,33.1,12,1.9,13.26,3.08,3113,1307,1,4.7,2.48,305,437,177,1465,1325,14.6,0,2026-08-31
SKU-0026,WH-BTM-03,Batam,Consumer Electronics,B,SUP-027,106.41,159.92,26,3.2,4.59,2.99,970,159,2,14.8,16.39,138,141,144,335,303,6.8,0,2026-08-31
SKU-0027,WH-BTM-03,Batam,Medical Supplies,C,SUP-007,39.87,80.99,26,7.7,2.29,0.74,509,196,3,2.0,6.14,63,66,66,387,350,5.7,0,2026-08-31
SKU-0028,WH-BTM-03,Batam,Consumer Electronics,A,SUP-013,358.61,636.13,22,3.5,4.8,2.31,1111,103,2,5.1,55.23,109,145,123,187,169,5.2,1,2026-08-31
SKU-0029,WH-BTM-03,Batam,Consumer Electronics,A,SUP-015,415.92,592.38,33,5.6,4.35,2.23,946,116,6,3.1,64.05,114,131,165,165,149,8.2,1,2026-08-31
SKU-0030,WH-BTM-03,Batam,Automotive Parts,C,SUP-038,207.91,329.52,49,7.1,0.43,0.24,100,65,8,10.2,32.02,11,13,24,73,66,7.1,0,2026-08-31
SKU-0031,WH-BTM-03,Batam,FMCG Household,C,SUP-029,23.98,36.02,14,4.8,12.1,3.68,2719,1033,0,0.0,3.69,265,320,192,1147,1038,19.5,0,2026-08-31
SKU-0032,WH-BTM-03,Batam,Apparel & Textiles,C,SUP-015,94.16,125.23,39,11.5,2.91,2.21,639,72,4,7.7,14.5,110,97,136,284,257,23.4,1,2026-08-31
SKU-0033,WH-BTM-03,Batam,Industrial Components,B,SUP-030,52.27,67.95,32,10.6,9.1,2.65,2085,582,2,7.8,8.05,257,299,316,674,609,13.0,0,2026-08-31
SKU-0034,WH-BTM-03,Batam,Industrial Components,B,SUP-030,126.48,193.02,38,12.0,7.93,3.43,1849,215,4,5.9,19.48,131,216,336,404,366,19.5,1,2026-08-31
SKU-0035,WH-BTM-03,Batam,Medical Supplies,B,SUP-016,77.95,100.82,27,8.8,4.57,1.65,997,305,4,2.7,12.0,121,133,137,391,354,18.3,0,2026-08-31
SKU-0036,WH-BTM-03,Batam,Consumer Electronics,C,SUP-017,75.02,104.13,26,5.7,1.4,0.81,316,131,3,3.9,11.55,51,41,43,221,200,18.4,0,2026-08-31
SKU-0037,WH-BTM-03,Batam,Consumer Electronics,B,SUP-036,328.25,632.55,21,3.0,1.11,0.57,260,35,1,11.4,50.55,28,30,28,94,85,7.7,0,2026-08-31
SKU-0038,WH-BTM-03,Batam,Medical Supplies,B,SUP-023,84.87,161.63,20,3.6,9.67,3.23,2119,551,0,0.0,13.07,391,241,217,545,493,1.9,0,2026-08-31
SKU-0039,WH-BTM-03,Batam,Industrial Components,B,SUP-006,131.58,255.94,32,5.5,3.23,1.33,673,167,3,3.5,20.26,81,91,116,253,229,5.6,0,2026-08-31
SKU-0040,WH-BTM-03,Batam,Automotive Parts,C,SUP-029,78.22,117.48,51,14.2,2.24,1.16,470,201,3,3.7,12.05,76,65,128,273,247,17.7,0,2026-08-31
SKU-0041,WH-BTM-03,Batam,Medical Supplies,C,SUP-024,42.4,92.26,22,2.3,0.73,0.27,163,92,1,0.5,6.53,27,19,18,212,192,13.5,0,2026-08-31
SKU-0042,WH-BTM-03,Batam,FMCG Household,B,SUP-021,25.68,45.35,13,1.8,17.91,5.45,3804,671,0,0.0,3.95,601,546,265,1349,1220,23.0,0,2026-08-31
SKU-0043,WH-BTM-03,Batam,Automotive Parts,C,SUP-030,44.29,60.29,53,14.3,1.94,0.82,435,200,5,11.6,6.82,42,64,113,338,306,15.4,0,2026-08-31
SKU-0044,WH-BTM-03,Batam,Industrial Components,C,SUP-037,74.35,102.09,33,4.3,0.43,0.15,104,27,2,2.1,11.45,10,14,16,123,111,11.9,0,2026-08-31
SKU-0045,WH-BTM-03,Batam,FMCG Household,C,SUP-014,10.3,19.42,14,1.6,4.37,1.43,925,460,1,4.9,1.59,167,130,70,1050,950,4.5,0,2026-08-31
SKU-0046,WH-BTM-03,Batam,FMCG Household,C,SUP-017,15.25,21.25,9,1.1,12.24,3.15,2754,718,2,1.7,2.35,310,306,126,1446,1308,9.6,0,2026-08-31
SKU-0047,WH-BTM-03,Batam,Industrial Components,B,SUP-008,159.92,267.7,29,7.9,2.47,0.78,600,114,0,0.0,24.63,91,79,79,201,182,4.5,0,2026-08-31
SKU-0048,WH-BTM-03,Batam,Industrial Components,B,SUP-026,137.38,324.81,31,4.2,2.01,0.79,469,118,5,5.5,21.16,56,61,70,195,177,24.6,0,2026-08-31
SKU-0049,WH-BTM-03,Batam,Automotive Parts,C,SUP-017,56.92,73.11,38,5.2,0.88,0.4,197,124,5,4.6,8.77,28,27,37,201,182,8.3,0,2026-08-31
SKU-0050,WH-BTM-03,Batam,Consumer Electronics,B,SUP-014,136.38,176.19,27,4.3,3.2,2.05,725,128,3,2.8,21.0,69,113,104,247,224,7.4,0,2026-08-31
SKU-0051,WH-BTM-03,Batam,Consumer Electronics,A,SUP-028,361.35,855.29,28,8.1,4.83,2.3,1128,193,3,4.8,55.65,128,134,155,187,169,12.9,0,2026-08-31
SKU-0052,WH-BTM-03,Batam,Consumer Electronics,A,SUP-017,284.1,498.83,24,3.6,10.18,5.33,2474,477,4,4.4,43.75,253,226,287,306,276,15.6,0,2026-08-31
SKU-0053,WH-BTM-03,Batam,FMCG Household,C,SUP-019,19.23,26.19,9,1.0,0.59,0.15,131,92,2,0.8,2.96,19,16,6,283,256,10.0,0,2026-08-31
SKU-0054,WH-BTM-03,Batam,Automotive Parts,B,SUP-018,244.47,534.98,47,15.3,1.43,0.72,313,54,10,5.6,37.65,45,45,75,123,112,7.4,1,2026-08-31
SKU-0055,WH-BTM-03,Batam,Automotive Parts,B,SUP-011,274.13,591.99,32,10.2,1.87,0.96,396,109,1,15.1,42.22,63,56,69,133,121,8.8,0,2026-08-31
SKU-0056,WH-BTM-03,Batam,FMCG Household,C,SUP-006,4.45,7.58,14,2.0,10.48,2.95,2407,741,2,2.1,0.69,287,280,165,2469,2234,3.9,0,2026-08-31
SKU-0057,WH-BTM-03,Batam,Medical Supplies,C,SUP-034,73.59,132.32,28,4.7,1.74,0.53,368,144,4,4.6,11.33,43,46,53,248,225,12.3,0,2026-08-31
SKU-0058,WH-BTM-03,Batam,Automotive Parts,C,SUP-004,202.65,297.29,47,6.9,0.31,0.12,69,39,3,18.7,31.21,10,9,16,63,57,9.2,0,2026-08-31
SKU-0059,WH-BTM-03,Batam,Consumer Electronics,B,SUP-013,171.92,225.67,29,8.1,2.98,1.83,648,182,9,5.4,26.48,71,79,103,213,192,13.8,0,2026-08-31
SKU-0060,WH-BTM-03,Batam,Consumer Electronics,A,SUP-027,361.68,639.06,30,4.9,11.42,7.83,2758,488,1,4.1,55.7,431,359,413,287,260,3.9,0,2026-08-31
SKU-0061,WH-BTM-03,Batam,Automotive Parts,C,SUP-006,184.42,273.67,46,15.3,0.38,0.2,84,36,7,12.9,28.4,11,11,20,73,66,26.5,0,2026-08-31
SKU-0062,WH-BTM-03,Batam,Medical Supplies,A,SUP-027,141.13,260.82,28,8.6,5.21,1.41,1215,246,2,6.7,21.73,148,147,158,310,281,6.8,0,2026-08-31
SKU-0063,WH-BTM-03,Batam,Automotive Parts,B,SUP-030,302.64,631.88,53,13.1,1.49,0.72,311,106,4,8.9,46.61,50,42,88,113,102,3.9,0,2026-08-31
SKU-0064,WH-BTM-03,Batam,FMCG Household,C,SUP-027,15.62,20.19,12,1.2,6.65,1.74,1530,893,0,0.0,2.41,200,204,90,1053,952,7.8,0,2026-08-31
SKU-0065,WH-BTM-03,Batam,Automotive Parts,C,SUP-013,321.06,567.7,45,14.4,0.36,0.13,77,47,6,5.0,49.44,7,11,18,54,49,6.4,0,2026-08-31
SKU-0066,WH-BTM-03,Batam,Medical Supplies,C,SUP-001,110.64,158.8,26,7.3,1.29,0.34,288,183,5,1.3,17.04,30,39,36,174,158,19.1,0,2026-08-31
SKU-0067,WH-BTM-03,Batam,Medical Supplies,A,SUP-036,154.85,332.72,17,5.0,10.95,2.78,2661,595,0,0.0,23.85,412,334,205,429,388,6.1,0,2026-08-31
SKU-0068,WH-BTM-03,Batam,Industrial Components,B,SUP-014,100.42,145.82,38,4.5,2.15,0.67,515,61,7,1.3,15.46,67,64,88,236,214,6.1,1,2026-08-31
SKU-0069,WH-BTM-03,Batam,Consumer Electronics,A,SUP-033,232.06,414.3,30,8.3,12.37,7.88,2806,370,4,1.6,35.74,241,337,442,373,337,19.5,1,2026-08-31
SKU-0070,WH-BTM-03,Batam,Medical Supplies,A,SUP-008,101.28,174.4,25,7.5,7.64,2.14,1857,449,1,3.0,15.6,252,214,209,443,401,3.8,0,2026-08-31
SKU-0071,WH-BTM-03,Batam,Consumer Electronics,B,SUP-007,84.37,132.37,26,8.8,4.51,2.83,980,267,2,2.8,12.99,121,130,141,373,338,22.1,0,2026-08-31
SKU-0072,WH-BTM-03,Batam,Industrial Components,A,SUP-032,114.45,213.5,33,8.1,9.03,3.88,2190,206,3,7.6,17.63,224,321,335,453,410,7.7,1,2026-08-31
SKU-0073,WH-BTM-03,Batam,FMCG Household,B,SUP-038,25.93,49.99,10,2.3,10.31,3.06,2163,994,0,0.0,3.99,238,272,119,1019,921,6.2,0,2026-08-31
SKU-0074,WH-BTM-03,Batam,Industrial Components,B,SUP-035,170.66,296.33,38,7.8,2.44,0.87,550,176,3,19.7,26.28,91,70,102,193,175,4.9,0,2026-08-31
SKU-0075,WH-BTM-03,Batam,Consumer Electronics,B,SUP-031,111.56,220.05,34,9.4,3.85,2.41,816,180,4,1.0,17.18,68,117,154,300,271,7.3,0,2026-08-31
SKU-0076,WH-BTM-03,Batam,Industrial Components,B,SUP-010,100.0,234.76,45,14.9,1.83,0.54,424,153,4,8.8,15.4,46,53,88,218,198,5.4,0,2026-08-31
SKU-0077,WH-BTM-03,Batam,Industrial Components,C,SUP-037,64.37,102.33,35,8.7,1.13,0.39,259,116,4,6.7,9.91,35,37,43,214,194,9.7,0,2026-08-31
SKU-0078,WH-BTM-03,Batam,Automotive Parts,C,SUP-027,37.94,63.79,37,5.8,1.79,0.83,402,227,0,0.0,5.84,73,52,75,351,317,3.0,0,2026-08-31
SKU-0079,WH-BTM-03,Batam,Medical Supplies,C,SUP-007,167.81,216.39,26,2.7,1.23,0.43,297,57,0,0.0,25.84,42,36,36,138,125,4.8,0,2026-08-31
SKU-0080,WH-BTM-03,Batam,FMCG Household,B,SUP-006,14.21,28.8,13,3.3,11.25,3.67,2492,1025,1,3.2,2.19,281,362,168,1436,1299,10.5,0,2026-08-31
SKU-0081,WH-BTM-03,Batam,Automotive Parts,C,SUP-035,128.41,216.65,43,13.6,1.18,0.63,274,94,3,15.3,19.78,48,41,58,155,140,6.9,0,2026-08-31
SKU-0082,WH-BTM-03,Batam,Industrial Components,B,SUP-012,162.83,257.18,35,4.1,4.11,1.6,980,199,0,0.0,25.08,89,139,159,257,232,5.2,0,2026-08-31
SKU-0083,WH-BTM-03,Batam,FMCG Household,C,SUP-031,3.18,4.26,10,2.0,19.7,5.73,4145,1992,1,4.3,0.49,637,584,227,4018,3634,3.5,0,2026-08-31
SKU-0084,WH-BTM-03,Batam,Consumer Electronics,A,SUP-006,149.26,324.67,32,10.7,14.05,9.06,3082,490,2,5.7,22.99,475,420,534,495,448,24.8,1,2026-08-31
SKU-0085,WH-BTM-03,Batam,Consumer Electronics,A,SUP-012,308.64,483.92,30,6.8,10.07,6.61,2307,369,2,2.9,47.53,250,303,362,292,264,5.8,0,2026-08-31
SKU-0086,WH-BTM-03,Batam,Consumer Electronics,B,SUP-012,282.66,529.06,26,4.0,1.43,0.8,338,142,1,4.3,43.53,50,43,44,115,104,6.9,0,2026-08-31
SKU-0087,WH-BTM-03,Batam,FMCG Household,C,SUP-012,27.55,37.94,15,2.8,6.31,2.2,1533,570,2,1.0,4.24,172,175,109,773,699,6.5,0,2026-08-31
SKU-0088,WH-BTM-03,Batam,Medical Supplies,C,SUP-027,116.22,267.89,25,5.1,0.92,0.33,208,91,0,0.0,17.9,32,30,26,144,130,11.1,0,2026-08-31
SKU-0089,WH-BTM-03,Batam,Consumer Electronics,B,SUP-037,224.06,313.04,34,4.4,2.27,1.29,510,128,11,4.3,34.51,42,69,90,163,147,8.9,0,2026-08-31
SKU-0090,WH-BTM-03,Batam,Medical Supplies,A,SUP-037,139.92,197.58,22,5.8,15.7,3.91,3420,604,2,2.5,21.55,515,469,376,541,489,8.8,0,2026-08-31
SKU-0091,WH-BTM-03,Batam,Consumer Electronics,A,SUP-030,383.75,815.16,27,6.7,7.51,3.72,1746,310,2,9.4,59.1,209,200,235,226,204,9.5,0,2026-08-31
SKU-0092,WH-BTM-03,Batam,Automotive Parts,B,SUP-009,260.62,577.27,53,13.9,0.8,0.41,180,87,4,6.6,40.14,31,24,47,89,81,7.4,0,2026-08-31
SKU-0093,WH-BTM-03,Batam,Medical Supplies,C,SUP-039,173.82,247.03,28,7.1,0.74,0.19,167,20,1,1.7,26.77,22,18,22,105,95,11.6,1,2026-08-31
SKU-0094,WH-BTM-03,Batam,Industrial Components,B,SUP-022,207.25,339.27,47,4.9,2.51,0.89,570,217,3,6.8,31.92,98,71,128,178,161,18.2,0,2026-08-31
SKU-0095,WH-BTM-03,Batam,Industrial Components,C,SUP-022,227.77,441.46,44,6.3,0.41,0.15,96,44,4,7.8,35.08,14,12,20,69,62,8.0,0,2026-08-31
SKU-0096,WH-BTM-03,Batam,Automotive Parts,C,SUP-029,66.51,143.41,42,5.9,0.47,0.25,104,36,4,6.6,10.24,14,14,22,136,123,12.2,0,2026-08-31
SKU-0097,WH-BTM-03,Batam,Industrial Components,B,SUP-031,195.24,303.38,32,4.0,1.93,0.8,423,54,1,1.8,30.07,69,68,69,161,145,5.7,1,2026-08-31
SKU-0098,WH-BTM-03,Batam,Consumer Electronics,A,SUP-039,210.03,353.66,26,7.4,10.3,6.48,2407,260,2,9.8,32.34,369,325,322,358,323,18.3,1,2026-08-31
SKU-0099,WH-BTM-03,Batam,Consumer Electronics,A,SUP-024,252.41,492.04,35,4.6,8.97,4.85,1719,350,3,0.9,38.87,302,304,361,304,275,12.0,1,2026-08-31
SKU-0100,WH-BTM-03,Batam,Apparel & Textiles,C,SUP-025,64.91,125.6,30,8.0,0.46,0.28,102,53,5,4.6,10.0,8,15,16,136,123,8.1,0,2026-08-31
SKU-0101,WH-BTM-03,Batam,Apparel & Textiles,B,SUP-030,92.37,185.43,36,5.2,2.41,1.86,517,276,9,2.0,14.22,58,80,105,261,236,22.4,0,2026-08-31
SKU-0102,WH-BTM-03,Batam,Automotive Parts,B,SUP-011,345.06,600.29,52,6.7,1.31,0.52,318,99,3,15.2,53.14,52,46,74,99,90,4.7,0,2026-08-31
SKU-0103,WH-BTM-03,Batam,Industrial Components,C,SUP-013,87.75,118.21,47,6.6,3.3,1.22,736,188,2,9.3,13.51,74,92,169,313,283,2.4,0,2026-08-31
SKU-0104,WH-BTM-03,Batam,Apparel & Textiles,A,SUP-026,71.84,158.04,40,9.1,10.33,8.98,2289,538,1,7.1,11.06,376,288,507,612,554,4.4,0,2026-08-31
SKU-0105,WH-BTM-03,Batam,FMCG Household,C,SUP-003,21.75,46.44,12,3.1,0.88,0.26,200,67,0,0.0,3.35,31,28,12,325,294,18.2,0,2026-08-31
SKU-0106,WH-BTM-03,Batam,Automotive Parts,C,SUP-013,140.88,285.94,42,12.7,0.76,0.37,168,78,6,14.8,21.7,20,23,36,119,107,3.8,0,2026-08-31
SKU-0107,WH-BTM-03,Batam,Medical Supplies,C,SUP-029,32.81,44.1,29,3.8,5.55,1.84,1241,358,2,3.4,5.05,97,170,177,664,601,8.3,0,2026-08-31
SKU-0108,WH-BTM-03,Batam,Industrial Components,C,SUP-040,27.91,39.51,32,8.1,0.69,0.28,158,129,3,14.6,4.3,19,20,25,254,230,8.6,0,2026-08-31
SKU-0109,WH-BTM-03,Batam,Consumer Electronics,A,SUP-021,336.5,656.84,23,6.7,15.85,8.68,3539,687,2,1.6,51.82,702,450,433,350,317,12.3,0,2026-08-31
SKU-0110,WH-BTM-03,Batam,Apparel & Textiles,C,SUP-016,50.6,65.57,40,7.1,1.97,1.41,440,127,6,5.8,7.79,49,68,93,319,288,7.3,0,2026-08-31
SKU-0111,WH-BTM-03,Batam,Medical Supplies,A,SUP-018,177.57,415.39,25,3.0,7.34,1.94,1587,212,0,0.0,27.35,186,198,199,328,297,5.4,0,2026-08-31
SKU-0112,WH-BTM-03,Batam,Consumer Electronics,B,SUP-028,219.37,340.52,29,4.0,1.88,1.11,403,46,9,6.0,33.78,45,60,64,149,135,4.2,1,2026-08-31
SKU-0113,WH-BTM-03,Batam,Industrial Components,A,SUP-022,254.66,488.75,30,3.7,4.92,1.61,1127,265,1,4.1,39.22,190,155,162,224,203,8.6,0,2026-08-31
SKU-0114,WH-BTM-03,Batam,Automotive Parts,B,SUP-001,161.7,351.16,43,13.8,3.09,1.43,717,193,3,1.3,24.9,90,80,148,223,202,18.5,0,2026-08-31
SKU-0115,WH-BTM-03,Batam,Consumer Electronics,A,SUP-022,342.63,537.09,35,6.8,3.51,2.21,741,165,5,5.7,52.77,93,97,144,163,148,5.3,0,2026-08-31
SKU-0116,WH-BTM-03,Batam,FMCG Household,C,SUP-017,5.12,7.7,13,3.0,8.53,1.93,2027,1818,0,0.0,0.79,341,241,122,2082,1883,9.1,0,2026-08-31
SKU-0117,WH-BTM-03,Batam,FMCG Household,C,SUP-029,16.89,30.11,11,3.2,7.06,2.08,1678,619,1,1.0,2.6,243,223,89,1044,944,30.3,0,2026-08-31
SKU-0118,WH-BTM-03,Batam,Automotive Parts,C,SUP-036,286.66,502.17,44,8.5,0.51,0.2,123,49,2,11.1,44.15,13,15,25,68,62,4.3,0,2026-08-31
SKU-0119,WH-BTM-03,Batam,Medical Supplies,B,SUP-039,167.35,264.5,27,7.1,2.84,0.79,659,108,5,0.6,25.77,64,85,83,210,190,8.0,0,2026-08-31
SKU-0120,WH-BTM-03,Batam,Automotive Parts,B,SUP-025,293.23,520.5,52,6.2,1.52,0.56,359,105,2,7.3,45.16,58,40,86,116,105,15.4,0,2026-08-31
SKU-0121,WH-BTM-03,Batam,Automotive Parts,C,SUP-015,41.83,94.37,40,8.8,2.51,0.99,610,122,2,0.5,6.44,77,91,111,396,358,16.5,0,2026-08-31
SKU-0122,WH-BTM-03,Batam,Automotive Parts,B,SUP-018,149.26,244.03,45,5.6,2.96,1.66,665,240,9,9.4,22.99,60,89,152,227,206,5.1,0,2026-08-31
SKU-0123,WH-BTM-03,Batam,Consumer Electronics,C,SUP-008,63.26,89.2,25,4.1,0.98,0.67,211,190,2,6.4,9.74,18,31,30,201,182,9.9,0,2026-08-31
SKU-0124,WH-BTM-03,Batam,Industrial Components,C,SUP-038,44.45,69.0,36,6.2,1.65,0.65,346,160,7,5.8,6.85,38,47,66,311,281,7.8,0,2026-08-31
SKU-0125,WH-BTM-03,Batam,Consumer Electronics,A,SUP-034,298.24,467.37,24,6.7,13.07,7.73,3176,407,3,2.4,45.93,293,369,376,338,306,9.7,0,2026-08-31
SKU-0126,WH-BTM-03,Batam,Medical Supplies,C,SUP-035,131.83,179.9,23,6.2,1.17,0.4,284,44,3,8.0,20.3,20,41,30,152,138,7.7,0,2026-08-31
SKU-0127,WH-BTM-03,Batam,Industrial Components,C,SUP-014,205.24,284.52,39,11.2,1.25,0.53,271,87,5,14.3,31.61,29,31,54,126,114,4.2,0,2026-08-31
SKU-0128,WH-BTM-03,Batam,Consumer Electronics,A,SUP-013,369.55,692.61,26,3.0,6.68,3.8,1467,193,3,4.8,56.91,164,205,206,217,196,4.8,1,2026-08-31
SKU-0129,WH-BTM-03,Batam,Consumer Electronics,A,SUP-035,322.29,489.96,25,8.7,4.82,2.16,1082,189,1,10.1,49.63,133,129,138,197,179,6.7,0,2026-08-31
SKU-0130,WH-BTM-03,Batam,Automotive Parts,B,SUP-022,286.28,656.25,35,4.0,1.78,0.9,433,136,0,0.0,44.09,74,51,71,127,115,7.1,0,2026-08-31
SKU-0131,WH-BTM-03,Batam,Consumer Electronics,B,SUP-029,63.36,91.52,23,7.0,13.81,9.44,2938,957,1,3.0,9.76,398,391,392,754,682,5.6,0,2026-08-31
SKU-0132,WH-BTM-03,Batam,Apparel & Textiles,C,SUP-020,28.4,38.15,36,10.3,4.15,2.66,849,358,6,0.5,4.37,122,113,176,617,559,12.6,0,2026-08-31
SKU-0133,WH-BTM-03,Batam,Automotive Parts,B,SUP-018,229.01,450.15,36,8.9,3.19,1.45,775,172,3,1.9,35.27,108,96,129,191,172,2.9,0,2026-08-31
SKU-0134,WH-BTM-03,Batam,Industrial Components,A,SUP-026,225.67,487.59,30,6.3,1.98,0.67,460,157,2,1.4,34.75,57,46,65,151,137,11.7,0,2026-08-31
SKU-0135,WH-BTM-03,Batam,Automotive Parts,B,SUP-033,31.44,46.24,54,15.6,6.17,2.71,1443,263,6,11.2,4.84,205,180,366,715,647,4.7,1,2026-08-31
SKU-0136,WH-BTM-03,Batam,Consumer Electronics,B,SUP-014,237.99,336.5,24,6.8,4.79,2.96,1082,185,0,0.0,36.65,155,143,139,229,207,11.3,0,2026-08-31
SKU-0137,WH-BTM-03,Batam,Apparel & Textiles,C,SUP-033,66.92,93.84,39,5.2,0.52,0.35,122,99,3,3.2,10.31,16,14,24,142,129,20.3,0,2026-08-31
SKU-0138,WH-BTM-03,Batam,Medical Supplies,C,SUP-010,16.97,28.66,24,7.2,9.18,3.37,1928,969,0,0.0,2.61,441,313,247,1188,1075,19.6,0,2026-08-31
SKU-0139,WH-BTM-03,Batam,FMCG Household,C,SUP-017,13.03,21.31,13,1.6,4.66,1.51,1017,525,0,0.0,2.01,171,132,70,965,873,10.6,0,2026-08-31
SKU-0140,WH-BTM-03,Batam,Consumer Electronics,A,SUP-037,380.86,554.7,29,6.5,6.07,2.71,1394,194,4,4.4,58.65,142,178,200,204,184,16.7,1,2026-08-31
SKU-0141,WH-BTM-03,Batam,Medical Supplies,A,SUP-039,124.83,163.45,19,5.0,8.68,3.04,1743,390,1,3.3,19.22,287,247,187,426,385,14.9,0,2026-08-31
SKU-0142,WH-BTM-03,Batam,Medical Supplies,C,SUP-037,51.93,85.6,27,8.2,1.05,0.36,236,146,3,0.9,8.0,27,31,31,230,208,4.4,0,2026-08-31
SKU-0143,WH-BTM-03,Batam,Apparel & Textiles,C,SUP-013,82.19,189.1,38,8.2,1.17,0.85,262,121,4,8.8,12.66,39,39,53,193,174,8.6,0,2026-08-31
SKU-0144,WH-BTM-03,Batam,Automotive Parts,C,SUP-034,141.37,259.35,39,6.2,0.31,0.14,70,40,10,2.5,21.77,7,11,14,76,68,4.8,0,2026-08-31
SKU-0145,WH-BTM-03,Batam,Medical Supplies,C,SUP-038,155.36,258.24,26,5.8,1.81,0.64,401,81,6,2.3,23.93,42,58,52,174,158,6.7,0,2026-08-31
SKU-0146,WH-BTM-03,Batam,Industrial Components,C,SUP-040,90.34,122.06,38,6.2,3.09,1.07,668,180,7,7.5,13.91,102,102,128,299,270,14.3,0,2026-08-31
SKU-0147,WH-BTM-03,Batam,Industrial Components,B,SUP-001,160.86,233.43,45,10.4,3.61,1.1,745,273,1,4.0,24.77,134,125,175,242,219,14.5,0,2026-08-31
SKU-0148,WH-BTM-03,Batam,Medical Supplies,B,SUP-030,78.69,116.77,26,5.6,3.35,0.95,771,368,0,0.0,12.12,114,103,95,333,301,4.4,0,2026-08-31
SKU-0149,WH-BTM-03,Batam,Medical Supplies,C,SUP-040,58.17,115.26,17,5.0,0.54,0.15,121,148,1,2.5,8.96,20,18,10,156,141,5.2,0,2026-08-31
SKU-0150,WH-BTM-03,Batam,Consumer Electronics,B,SUP-031,377.46,812.82,34,5.4,0.39,0.24,83,26,1,10.0,58.13,13,13,16,52,47,12.8,0,2026-08-31
SKU-0151,WH-BTM-03,Batam,FMCG Household,C,SUP-010,7.69,16.89,15,2.2,8.32,2.05,1907,997,3,4.0,1.18,264,253,138,1683,1522,9.6,0,2026-08-31
SKU-0152,WH-BTM-03,Batam,FMCG Household,C,SUP-031,5.12,12.03,14,3.1,6.01,1.83,1351,453,1,1.2,0.79,164,186,95,1748,1581,7.4,0,2026-08-31
SKU-0153,WH-BTM-03,Batam,Consumer Electronics,A,SUP-005,173.22,406.29,22,2.5,7.17,3.98,1598,291,0,0.0,26.68,258,180,188,328,297,6.8,0,2026-08-31
SKU-0154,WH-BTM-03,Batam,Medical Supplies,A,SUP-020,132.56,303.4,26,4.1,5.89,2.08,1191,305,0,0.0,20.41,220,181,171,340,308,5.8,0,2026-08-31
SKU-0155,WH-BTM-03,Batam,Consumer Electronics,A,SUP-026,347.79,461.17,30,5.7,2.78,1.56,658,186,0,0.0,53.56,84,72,97,144,131,3.8,0,2026-08-31
SKU-0156,WH-BTM-03,Batam,Automotive Parts,B,SUP-019,349.6,478.65,39,8.7,1.5,0.82,320,61,8,2.8,53.84,45,38,67,106,96,12.8,1,2026-08-31
SKU-0157,WH-BTM-03,Batam,Industrial Components,C,SUP-028,89.72,133.83,45,7.5,2.83,1.19,649,216,3,17.6,13.82,116,86,140,287,259,11.4,0,2026-08-31
SKU-0158,WH-BTM-03,Batam,Automotive Parts,B,SUP-010,160.54,276.34,44,10.6,2.28,0.91,498,138,2,8.6,24.72,69,62,110,192,174,16.7,0,2026-08-31
SKU-0159,WH-BTM-03,Batam,FMCG Household,C,SUP-025,6.42,8.62,14,4.5,4.96,1.54,1110,665,0,0.0,0.99,154,149,79,1418,1283,7.4,0,2026-08-31
SKU-0160,WH-BTM-03,Batam,FMCG Household,C,SUP-026,17.37,36.53,13,3.1,4.3,1.08,1042,347,0,0.0,2.67,145,131,62,804,727,4.4,0,2026-08-31
SKU-0161,WH-BTM-03,Batam,Consumer Electronics,A,SUP-026,419.09,751.1,25,4.3,4.27,2.75,1003,246,1,3.7,64.54,128,130,129,163,147,14.4,0,2026-08-31
SKU-0162,WH-BTM-03,Batam,Apparel & Textiles,B,SUP-012,68.98,117.97,40,4.6,7.06,5.37,1710,320,4,2.1,10.62,178,195,338,517,467,16.6,1,2026-08-31
SKU-0163,WH-BTM-03,Batam,Industrial Components,C,SUP-013,162.04,224.9,39,5.2,0.94,0.31,218,88,2,1.3,24.95,31,30,40,123,111,3.5,0,2026-08-31
SKU-0164,WH-BTM-03,Batam,Consumer Electronics,A,SUP-011,192.14,278.94,28,6.7,3.72,1.87,868,192,5,5.5,29.59,113,111,120,225,203,10.6,0,2026-08-31
SKU-0165,WH-BTM-03,Batam,Medical Supplies,B,SUP-019,165.77,229.51,21,5.7,2.74,0.82,567,162,1,2.8,25.53,117,85,64,208,188,16.8,0,2026-08-31
SKU-0166,WH-BTM-03,Batam,Industrial Components,B,SUP-024,138.25,292.1,30,3.4,1.82,0.74,409,122,0,0.0,21.29,65,49,61,185,168,13.3,0,2026-08-31
SKU-0167,WH-BTM-03,Batam,FMCG Household,C,SUP-015,6.36,11.16,13,1.9,20.48,6.64,4622,1737,2,2.2,0.98,546,605,306,2897,2620,10.5,0,2026-08-31
SKU-0168,WH-BTM-03,Batam,FMCG Household,C,SUP-017,12.13,23.54,12,2.2,1.81,0.41,440,485,0,0.0,1.87,64,60,24,623,564,13.1,0,2026-08-31
SKU-0169,WH-BTM-03,Batam,Industrial Components,C,SUP-012,34.25,50.86,46,8.3,0.76,0.25,169,53,2,12.4,5.27,25,25,38,241,218,2.1,0,2026-08-31
SKU-0170,WH-BTM-03,Batam,Apparel & Textiles,C,SUP-009,25.57,39.56,40,13.6,0.41,0.28,95,129,1,3.6,3.94,16,11,19,204,185,5.7,0,2026-08-31
SKU-0171,WH-BTM-03,Batam,Industrial Components,C,SUP-027,22.28,35.13,43,6.5,0.25,0.09,58,52,3,13.9,3.43,7,7,12,171,155,5.4,0,2026-08-31
SKU-0172,WH-BTM-03,Batam,Medical Supplies,C,SUP-033,88.15,174.07,20,2.3,2.3,0.6,558,273,1,1.7,13.58,73,63,50,261,236,28.0,0,2026-08-31
SKU-0173,WH-BTM-03,Batam,Industrial Components,B,SUP-012,171.56,341.79,42,7.9,3.3,1.1,748,155,5,1.7,26.42,99,93,150,224,203,14.5,0,2026-08-31
SKU-0174,WH-BTM-03,Batam,Apparel & Textiles,C,SUP-035,37.87,53.67,24,3.2,2.84,2.38,677,302,4,8.7,5.83,88,74,87,442,400,4.5,0,2026-08-31
SKU-0175,WH-BTM-03,Batam,Consumer Electronics,A,SUP-023,202.64,459.45,33,4.3,5.31,2.96,1103,162,4,2.8,31.21,131,157,203,261,236,8.2,1,2026-08-31
SKU-0176,WH-BTM-03,Batam,Consumer Electronics,A,SUP-007,404.7,549.44,28,5.7,6.46,4.03,1349,385,5,2.5,62.32,222,205,216,204,185,19.9,0,2026-08-31
SKU-0177,WH-BTM-03,Batam,Medical Supplies,A,SUP-015,138.33,302.43,28,4.9,9.4,2.87,1886,259,0,0.0,21.3,314,262,288,421,381,2.3,1,2026-08-31
SKU-0178,WH-BTM-03,Batam,Apparel & Textiles,C,SUP-001,55.05,74.01,30,3.7,2.83,2.0,673,350,3,3.7,8.48,111,84,103,366,331,13.2,0,2026-08-31
SKU-0179,WH-BTM-03,Batam,FMCG Household,C,SUP-002,10.11,14.76,10,2.5,13.84,4.18,3275,870,0,0.0,1.56,423,407,160,1887,1707,5.8,0,2026-08-31
SKU-0180,WH-BTM-03,Batam,FMCG Household,B,SUP-014,25.42,53.49,15,3.4,6.69,1.72,1601,499,0,0.0,3.91,187,220,111,829,750,2.6,0,2026-08-31
SKU-0181,WH-BTM-03,Batam,FMCG Household,C,SUP-019,8.88,12.41,12,1.4,4.22,1.08,929,440,0,0.0,1.37,151,120,57,1112,1006,9.5,0,2026-08-31
SKU-0182,WH-BTM-03,Batam,FMCG Household,C,SUP-032,11.13,17.64,14,4.4,3.0,1.05,665,167,1,0.9,1.71,76,85,48,839,759,12.8,0,2026-08-31
SKU-0183,WH-BTM-03,Batam,Medical Supplies,C,SUP-006,164.72,266.52,28,4.8,0.74,0.26,168,52,0,0.0,25.37,28,21,23,108,98,8.5,0,2026-08-31
SKU-0184,WH-BTM-03,Batam,Industrial Components,C,SUP-034,146.15,211.29,38,12.9,1.02,0.4,248,91,2,21.3,22.51,39,27,43,135,122,13.0,0,2026-08-31
SKU-0185,WH-BTM-03,Batam,FMCG Household,C,SUP-010,21.56,41.12,12,4.0,6.62,1.6,1609,216,1,1.8,3.32,258,208,89,895,809,6.1,0,2026-08-31
SKU-0186,WH-BTM-03,Batam,Automotive Parts,B,SUP-006,219.04,462.58,44,9.2,2.8,1.03,667,218,7,4.9,33.73,93,83,134,183,165,29.0,0,2026-08-31
SKU-0187,WH-BTM-03,Batam,Industrial Components,A,SUP-028,176.13,378.65,44,6.9,11.31,3.48,2629,468,1,6.1,27.12,310,341,536,409,370,14.6,1,2026-08-31
SKU-0188,WH-BTM-03,Batam,Consumer Electronics,C,SUP-031,157.27,239.07,35,10.8,1.68,1.13,408,184,5,8.6,24.22,53,56,70,167,151,7.7,0,2026-08-31
SKU-0189,WH-BTM-03,Batam,FMCG Household,C,SUP-025,9.03,15.33,11,2.1,9.8,3.2,2208,337,0,0.0,1.39,324,329,125,1682,1522,13.5,0,2026-08-31
SKU-0190,WH-BTM-03,Batam,Industrial Components,C,SUP-005,96.04,139.07,42,5.9,0.53,0.19,119,59,7,6.9,14.79,14,14,24,120,108,10.3,0,2026-08-31
SKU-0191,WH-BTM-03,Batam,Apparel & Textiles,C,SUP-005,21.52,31.1,28,6.7,4.76,4.12,1080,466,4,7.8,3.31,188,151,169,760,687,8.5,0,2026-08-31
SKU-0192,WH-BTM-03,Batam,Industrial Components,B,SUP-016,229.58,318.0,40,8.9,1.28,0.39,277,85,2,5.8,35.36,44,39,55,121,109,11.1,0,2026-08-31
SKU-0193,WH-BTM-03,Batam,Consumer Electronics,C,SUP-019,151.22,342.44,33,10.3,1.09,0.63,247,85,3,3.9,23.29,27,31,42,137,124,23.5,0,2026-08-31
SKU-0194,WH-BTM-03,Batam,FMCG Household,B,SUP-040,17.04,37.02,14,4.0,17.08,4.22,3670,581,0,0.0,2.62,735,528,265,1618,1463,17.5,0,2026-08-31
SKU-0195,WH-BTM-03,Batam,Consumer Electronics,A,SUP-012,341.99,683.77,27,8.6,2.13,1.1,513,101,1,2.3,52.67,67,54,67,127,115,5.6,0,2026-08-31
SKU-0196,WH-BTM-03,Batam,Consumer Electronics,B,SUP-008,338.93,570.93,26,7.4,2.63,1.77,618,94,2,6.5,52.2,61,89,83,142,129,14.7,0,2026-08-31
SKU-0197,WH-BTM-03,Batam,Automotive Parts,C,SUP-038,170.28,282.21,37,9.6,0.58,0.31,141,60,3,3.1,26.22,15,18,25,94,85,22.3,0,2026-08-31
SKU-0198,WH-BTM-03,Batam,FMCG Household,C,SUP-007,14.91,25.3,10,2.3,5.7,1.35,1189,388,0,0.0,2.3,230,158,64,998,902,7.4,0,2026-08-31
SKU-0199,WH-BTM-03,Batam,Consumer Electronics,A,SUP-002,418.01,712.31,26,9.0,4.22,2.12,1025,250,1,0.9,64.37,180,120,128,162,147,7.8,0,2026-08-31
SKU-0200,WH-BTM-03,Batam,Industrial Components,B,SUP-017,181.25,290.67,45,15.3,2.19,0.82,458,84,3,8.0,27.91,82,56,108,177,161,8.6,1,2026-08-31
SKU-0201,WH-BTM-03,Batam,FMCG Household,C,SUP-017,23.37,31.9,11,3.4,5.5,1.27,1176,318,1,0.8,3.6,216,160,67,783,708,5.1,0,2026-08-31
SKU-0202,WH-BTM-03,Batam,Apparel & Textiles,B,SUP-025,86.52,117.75,29,8.5,4.31,3.16,952,385,0,0.0,13.32,166,124,153,360,326,5.6,0,2026-08-31
SKU-0203,WH-BTM-03,Batam,Medical Supplies,A,SUP-036,144.32,330.11,26,6.4,12.77,4.07,3103,449,3,3.5,22.23,438,337,366,480,434,13.7,0,2026-08-31
SKU-0204,WH-BTM-03,Batam,Consumer Electronics,B,SUP-038,114.44,188.7,24,4.0,2.67,1.37,617,170,1,5.9,17.62,88,86,75,247,223,4.7,0,2026-08-31
SKU-0205,WH-BTM-03,Batam,Consumer Electronics,B,SUP-012,255.81,585.58,24,7.7,0.69,0.35,156,45,1,0.5,39.39,24,23,19,84,76,5.4,0,2026-08-31
SKU-0206,WH-BTM-03,Batam,Industrial Components,C,SUP-040,42.66,59.16,46,4.7,5.86,1.85,1282,513,4,3.8,6.57,208,175,290,598,541,7.4,0,2026-08-31
SKU-0207,WH-BTM-03,Batam,Consumer Electronics,A,SUP-026,289.85,499.39,22,3.5,3.89,2.61,824,170,1,1.3,44.64,100,113,106,187,169,11.1,0,2026-08-31
SKU-0208,WH-BTM-03,Batam,Automotive Parts,A,SUP-003,335.71,476.03,41,8.2,3.06,1.34,741,110,4,26.0,51.7,108,95,140,154,139,4.6,1,2026-08-31
SKU-0209,WH-BTM-03,Batam,Consumer Electronics,A,SUP-038,237.27,344.44,29,7.1,5.56,3.25,1324,419,3,2.8,36.54,224,167,190,247,224,15.4,0,2026-08-31
SKU-0210,WH-BTM-03,Batam,Medical Supplies,C,SUP-006,84.74,110.17,19,4.6,3.45,0.97,838,293,0,0.0,13.05,101,93,73,326,295,5.2,0,2026-08-31
SKU-0211,WH-BTM-03,Batam,Automotive Parts,C,SUP-024,41.47,56.26,38,5.5,1.35,0.68,315,173,1,6.7,6.39,39,38,58,291,263,28.5,0,2026-08-31
SKU-0212,WH-BTM-03,Batam,Automotive Parts,A,SUP-032,337.13,749.29,36,4.5,8.16,3.11,1602,365,2,2.0,51.92,275,238,324,251,227,20.2,0,2026-08-31
SKU-0213,WH-BTM-03,Batam,Consumer Electronics,A,SUP-010,83.63,125.9,26,4.0,21.61,9.89,4609,1020,1,6.9,12.88,569,663,645,821,742,32.5,0,2026-08-31
SKU-0214,WH-BTM-03,Batam,FMCG Household,C,SUP-011,4.03,7.18,15,2.8,5.39,1.71,1262,433,2,4.4,0.62,118,162,92,1868,1690,3.4,0,2026-08-31
SKU-0215,WH-BTM-03,Batam,Automotive Parts,C,SUP-020,108.74,177.51,41,4.2,2.07,1.05,464,183,1,2.5,16.75,79,63,96,223,201,12.6,0,2026-08-31
SKU-0216,WH-BTM-03,Batam,FMCG Household,C,SUP-036,4.64,7.3,11,3.0,15.12,3.89,3351,2538,1,0.8,0.71,418,391,188,2924,2645,5.8,0,2026-08-31
SKU-0217,WH-BTM-03,Batam,Consumer Electronics,B,SUP-009,215.67,366.46,26,4.2,2.67,1.41,574,113,0,0.0,33.21,82,85,81,180,163,9.2,0,2026-08-31
SKU-0218,WH-BTM-03,Batam,Consumer Electronics,A,SUP-027,238.53,334.73,35,6.6,5.56,3.76,1334,358,5,9.5,36.73,148,167,231,247,223,5.5,0,2026-08-31
SKU-0219,WH-BTM-03,Batam,Apparel & Textiles,C,SUP-019,35.19,82.98,25,4.6,2.53,1.5,592,241,2,4.4,5.42,99,93,76,433,392,9.0,0,2026-08-31
SKU-0220,WH-BTM-03,Batam,Industrial Components,C,SUP-005,30.33,62.48,45,10.3,2.26,0.7,530,304,4,4.3,4.67,82,65,109,441,399,13.8,0,2026-08-31
SKU-0221,WH-BTM-03,Batam,Industrial Components,C,SUP-029,45.01,87.74,34,10.7,0.83,0.29,183,78,4,1.4,6.93,24,26,31,219,198,15.4,0,2026-08-31
SKU-0222,WH-BTM-03,Batam,Medical Supplies,C,SUP-034,76.6,125.32,28,3.8,1.0,0.28,231,181,5,11.6,11.8,23,38,30,184,167,5.2,0,2026-08-31
SKU-0223,WH-BTM-03,Batam,Automotive Parts,C,SUP-024,49.37,68.1,38,7.0,0.28,0.14,59,25,6,6.9,7.6,8,9,12,122,110,13.6,0,2026-08-31
SKU-0224,WH-BTM-03,Batam,Apparel & Textiles,C,SUP-008,68.74,153.25,25,6.8,1.23,0.96,279,136,1,11.8,10.59,42,37,39,216,195,12.7,0,2026-08-31
SKU-0225,WH-BTM-03,Batam,Industrial Components,C,SUP-007,68.1,103.64,38,4.2,1.17,0.42,231,88,5,7.6,10.49,37,32,49,212,191,16.9,0,2026-08-31
SKU-0226,WH-BTM-03,Batam,Apparel & Textiles,C,SUP-017,34.28,44.99,27,8.3,1.56,1.17,327,223,2,11.7,5.28,49,53,52,344,312,9.4,0,2026-08-31
SKU-0227,WH-BTM-03,Batam,Consumer Electronics,A,SUP-021,192.8,293.57,32,10.9,12.86,7.04,2887,561,2,2.2,29.69,411,346,477,417,377,9.1,0,2026-08-31
SKU-0228,WH-BTM-03,Batam,Medical Supplies,B,SUP-023,81.99,165.97,25,6.3,9.65,3.31,2345,465,1,1.8,12.63,344,301,268,554,501,25.0,0,2026-08-31
SKU-0229,WH-BTM-03,Batam,Automotive Parts,C,SUP-010,30.53,54.93,47,15.9,0.57,0.21,118,63,3,5.5,4.7,17,16,29,221,200,9.1,0,2026-08-31
SKU-0230,WH-BTM-03,Batam,Consumer Electronics,B,SUP-021,87.03,170.75,23,4.7,5.35,2.77,1141,343,2,1.5,13.4,180,158,145,400,362,24.9,0,2026-08-31
SKU-0231,WH-BTM-03,Batam,Consumer Electronics,A,SUP-012,368.54,745.59,31,6.3,2.71,1.65,626,107,3,0.9,56.76,65,71,99,138,125,9.4,0,2026-08-31
SKU-0232,WH-BTM-03,Batam,Industrial Components,C,SUP-028,18.3,26.01,34,4.3,1.37,0.45,333,358,1,2.7,2.82,65,46,51,442,399,6.5,0,2026-08-31
SKU-0233,WH-BTM-03,Batam,Apparel & Textiles,C,SUP-032,52.21,116.69,41,4.5,3.48,2.03,803,254,5,8.1,8.04,100,102,164,417,377,9.4,0,2026-08-31
SKU-0234,WH-BTM-03,Batam,Automotive Parts,B,SUP-027,186.64,299.91,48,7.7,2.59,1.11,614,136,10,2.2,28.74,83,69,137,190,172,25.6,1,2026-08-31
SKU-0235,WH-BTM-03,Batam,Apparel & Textiles,C,SUP-001,36.98,67.24,34,7.5,2.73,2.14,612,398,3,1.7,5.69,94,91,113,439,397,15.4,0,2026-08-31
SKU-0236,WH-BTM-03,Batam,FMCG Household,C,SUP-040,13.78,17.69,14,3.2,11.99,2.87,2664,1263,1,1.2,2.12,334,343,186,1507,1363,6.1,0,2026-08-31
SKU-0237,WH-BTM-03,Batam,Medical Supplies,C,SUP-001,143.14,338.88,24,3.7,1.22,0.41,280,55,0,0.0,22.04,37,38,33,149,135,11.9,0,2026-08-31
SKU-0238,WH-BTM-03,Batam,FMCG Household,C,SUP-040,24.03,35.4,12,3.0,4.39,1.41,968,353,2,1.1,3.7,134,142,61,690,624,18.6,0,2026-08-31
SKU-0239,WH-BTM-03,Batam,Consumer Electronics,A,SUP-002,142.63,188.25,24,3.5,45.83,27.37,10872,975,0,0.0,21.97,1126,1434,1320,915,828,6.0,1,2026-08-31
SKU-0240,WH-BTM-03,Batam,Consumer Electronics,B,SUP-021,165.93,269.79,31,5.6,5.27,2.64,1101,336,1,1.5,25.55,177,127,188,288,260,11.2,0,2026-08-31
SKU-0241,WH-BTM-03,Batam,FMCG Household,C,SUP-005,9.06,12.35,11,1.6,22.75,7.4,5443,989,1,0.9,1.4,449,725,291,2554,2310,8.0,0,2026-08-31
SKU-0242,WH-BTM-03,Batam,FMCG Household,C,SUP-004,15.0,20.69,9,2.5,9.89,2.48,2264,1482,1,1.2,2.31,417,294,101,1311,1186,16.1,0,2026-08-31
SKU-0243,WH-BTM-03,Batam,Industrial Components,B,SUP-028,183.35,331.93,44,10.1,2.92,1.23,659,168,2,2.9,28.24,105,85,142,204,184,8.6,0,2026-08-31
SKU-0244,WH-BTM-03,Batam,Medical Supplies,C,SUP-030,50.35,78.85,17,4.8,2.17,0.73,452,276,2,0.7,7.75,76,64,42,335,303,5.8,0,2026-08-31
SKU-0245,WH-BTM-03,Batam,Automotive Parts,C,SUP-005,135.84,303.12,47,5.4,1.17,0.43,253,89,7,3.3,20.92,22,30,60,150,136,11.7,0,2026-08-31
SKU-0246,WH-BTM-03,Batam,FMCG Household,C,SUP-040,26.26,39.48,10,2.1,2.28,0.74,554,140,1,1.0,4.04,58,70,27,476,431,7.2,0,2026-08-31
SKU-0247,WH-BTM-03,Batam,Automotive Parts,C,SUP-013,45.54,87.82,41,14.0,2.73,1.26,617,269,3,1.1,7.01,109,72,125,395,358,15.4,0,2026-08-31
SKU-0248,WH-BTM-03,Batam,Industrial Components,C,SUP-013,129.51,210.93,44,5.0,1.09,0.38,253,126,1,8.8,19.94,52,32,52,148,134,17.7,0,2026-08-31
SKU-0249,WH-BTM-03,Batam,Industrial Components,B,SUP-012,190.2,350.65,29,5.9,4.03,1.4,877,172,1,3.0,29.29,155,123,129,235,213,4.5,0,2026-08-31
SKU-0250,WH-BTM-03,Batam,Medical Supplies,B,SUP-019,37.28,66.09,25,2.8,10.15,3.27,2315,1053,1,1.8,5.74,380,334,281,843,762,4.8,0,2026-08-31
SKU-0001,WH-JHR-02,Johor Bahru,FMCG Household,C,SUP-003,4.39,5.75,12,2.2,7.33,2.07,1781,491,0,0.0,0.82,186,206,100,1894,1714,12.0,0,2026-08-31
SKU-0002,WH-JHR-02,Johor Bahru,Medical Supplies,C,SUP-019,59.14,80.99,18,4.2,0.9,0.22,214,105,0,0.0,11.06,31,26,18,181,163,2.6,0,2026-08-31
SKU-0003,WH-JHR-02,Johor Bahru,FMCG Household,C,SUP-025,11.35,25.27,9,2.4,1.81,0.58,417,508,4,4.2,2.12,55,51,19,585,530,4.0,0,2026-08-31
SKU-0004,WH-JHR-02,Johor Bahru,Automotive Parts,B,SUP-039,85.36,109.91,33,9.8,8.88,3.74,2133,316,2,5.4,15.96,300,283,328,473,428,5.8,1,2026-08-31
SKU-0005,WH-JHR-02,Johor Bahru,Consumer Electronics,C,SUP-022,162.71,228.46,22,2.6,1.34,0.78,297,115,1,3.8,30.43,37,34,35,133,120,18.2,0,2026-08-31
SKU-0006,WH-JHR-02,Johor Bahru,Apparel & Textiles,C,SUP-014,72.61,94.45,33,3.5,1.37,0.84,315,135,5,5.4,13.58,31,35,53,201,182,9.2,0,2026-08-31
SKU-0007,WH-JHR-02,Johor Bahru,FMCG Household,C,SUP-023,3.37,4.55,11,1.4,23.94,7.83,5280,3828,1,2.2,0.63,1007,697,306,3906,3533,16.8,0,2026-08-31
SKU-0008,WH-JHR-02,Johor Bahru,FMCG Household,A,SUP-008,23.68,42.53,9,1.8,90.96,29.74,21217,4391,1,2.4,4.43,3712,2686,965,2871,2597,12.5,0,2026-08-31
SKU-0009,WH-JHR-02,Johor Bahru,Consumer Electronics,B,SUP-004,366.21,528.43,21,4.6,1.79,1.18,395,86,0,0.0,68.48,65,47,46,102,93,5.1,0,2026-08-31
SKU-0010,WH-JHR-02,Johor Bahru,Medical Supplies,C,SUP-028,74.54,129.62,18,2.4,1.95,0.48,429,211,0,0.0,13.94,55,55,38,237,214,13.1,0,2026-08-31
SKU-0011,WH-JHR-02,Johor Bahru,Industrial Components,C,SUP-040,55.17,97.21,23,4.7,3.3,1.44,770,274,3,9.4,10.32,94,95,87,358,324,14.3,0,2026-08-31
SKU-0012,WH-JHR-02,Johor Bahru,Apparel & Textiles,B,SUP-034,60.27,127.1,26,5.5,9.83,6.27,2229,567,1,3.6,11.27,390,284,308,592,535,6.1,0,2026-08-31
SKU-0013,WH-JHR-02,Johor Bahru,Automotive Parts,C,SUP-024,68.3,87.76,40,5.1,0.42,0.18,86,50,3,5.5,12.77,12,13,19,115,104,8.6,0,2026-08-31
SKU-0014,WH-JHR-02,Johor Bahru,FMCG Household,C,SUP-002,12.12,25.64,11,3.6,6.28,1.6,1323,917,0,0.0,2.27,166,177,78,1054,953,7.4,0,2026-08-31
SKU-0015,WH-JHR-02,Johor Bahru,Medical Supplies,A,SUP-040,173.02,310.56,15,3.7,5.42,1.5,1162,385,2,3.1,32.35,233,184,91,259,235,8.9,0,2026-08-31
SKU-0016,WH-JHR-02,Johor Bahru,Industrial Components,B,SUP-018,258.9,358.88,34,6.7,1.51,0.55,329,116,4,3.5,48.41,46,47,57,112,101,8.8,0,2026-08-31
SKU-0017,WH-JHR-02,Johor Bahru,Medical Supplies,B,SUP-012,141.71,282.44,20,4.5,1.34,0.36,313,152,1,1.7,26.5,57,37,29,142,129,21.0,0,2026-08-31
SKU-0018,WH-JHR-02,Johor Bahru,Consumer Electronics,B,SUP-036,161.61,342.38,20,3.6,2.56,1.38,592,135,1,4.0,30.22,55,77,61,184,167,6.6,0,2026-08-31
SKU-0019,WH-JHR-02,Johor Bahru,FMCG Household,C,SUP-030,20.19,29.33,10,3.1,2.78,0.85,671,443,1,0.5,3.78,95,84,32,543,492,8.5,0,2026-08-31
SKU-0020,WH-JHR-02,Johor Bahru,Automotive Parts,B,SUP-030,255.73,569.26,36,8.8,1.54,0.82,366,111,2,9.7,47.82,68,51,64,114,103,9.2,0,2026-08-31
SKU-0021,WH-JHR-02,Johor Bahru,FMCG Household,C,SUP-012,12.7,20.6,11,2.5,5.97,1.86,1441,849,1,2.3,2.37,184,169,76,1006,910,17.7,0,2026-08-31
SKU-0022,WH-JHR-02,Johor Bahru,Industrial Components,B,SUP-040,173.1,307.59,24,7.9,1.46,0.55,344,49,3,9.5,32.37,42,47,39,135,122,7.4,0,2026-08-31
SKU-0023,WH-JHR-02,Johor Bahru,Apparel & Textiles,C,SUP-019,8.93,20.99,22,6.8,1.64,0.99,379,572,4,3.7,1.67,38,49,44,628,568,13.9,0,2026-08-31
SKU-0024,WH-JHR-02,Johor Bahru,FMCG Household,C,SUP-022,8.23,12.66,10,3.0,14.18,4.63,3428,643,1,2.3,1.54,535,483,166,1923,1739,8.6,0,2026-08-31
SKU-0025,WH-JHR-02,Johor Bahru,FMCG Household,B,SUP-031,16.13,33.1,7,1.1,20.83,4.76,4991,1276,0,0.0,3.02,532,698,167,1664,1505,22.9,0,2026-08-31
SKU-0026,WH-JHR-02,Johor Bahru,Consumer Electronics,B,SUP-027,106.41,159.92,22,3.0,3.66,1.85,853,279,4,7.0,19.9,110,112,95,272,246,4.9,0,2026-08-31
SKU-0027,WH-JHR-02,Johor Bahru,Medical Supplies,C,SUP-007,39.87,80.99,21,5.7,2.69,0.67,654,145,1,3.2,7.46,60,79,62,380,344,8.7,0,2026-08-31
SKU-0028,WH-JHR-02,Johor Bahru,Consumer Electronics,A,SUP-013,358.61,636.13,18,3.9,5.62,3.4,1124,383,2,1.6,67.06,230,176,125,183,166,14.3,0,2026-08-31
SKU-0029,WH-JHR-02,Johor Bahru,Consumer Electronics,A,SUP-015,415.92,592.38,22,6.0,5.2,2.76,1169,158,0,0.0,77.78,199,153,136,164,148,13.4,0,2026-08-31
SKU-0030,WH-JHR-02,Johor Bahru,Automotive Parts,C,SUP-038,207.91,329.52,43,12.5,0.45,0.22,101,25,3,11.6,38.88,14,16,22,68,62,8.4,0,2026-08-31
SKU-0031,WH-JHR-02,Johor Bahru,FMCG Household,C,SUP-029,23.98,36.02,10,1.7,12.16,3.26,2948,685,0,0.0,4.48,279,367,139,1044,944,14.9,0,2026-08-31
SKU-0032,WH-JHR-02,Johor Bahru,Apparel & Textiles,C,SUP-015,94.16,125.23,26,4.5,1.5,1.06,364,129,1,0.6,17.61,61,43,48,185,167,2.6,0,2026-08-31
SKU-0033,WH-JHR-02,Johor Bahru,Industrial Components,B,SUP-030,52.27,67.95,31,6.9,6.68,2.35,1408,431,2,23.0,9.77,188,192,229,524,474,19.4,0,2026-08-31
SKU-0034,WH-JHR-02,Johor Bahru,Industrial Components,B,SUP-030,126.48,193.02,25,4.2,8.72,2.5,2119,339,2,2.2,23.65,203,233,239,385,348,6.9,0,2026-08-31
SKU-0035,WH-JHR-02,Johor Bahru,Medical Supplies,B,SUP-016,77.95,100.82,15,4.0,4.32,1.29,925,272,1,3.5,14.58,82,136,73,345,312,6.7,0,2026-08-31
SKU-0036,WH-JHR-02,Johor Bahru,Consumer Electronics,C,SUP-017,75.02,104.13,25,7.2,1.9,1.14,408,157,3,8.6,14.03,50,53,57,233,211,19.1,0,2026-08-31
SKU-0037,WH-JHR-02,Johor Bahru,Consumer Electronics,B,SUP-036,328.25,632.55,21,4.6,2.09,1.2,471,73,2,2.7,61.38,44,69,53,117,106,8.6,0,2026-08-31
SKU-0038,WH-JHR-02,Johor Bahru,Medical Supplies,B,SUP-023,84.87,161.63,16,4.5,10.84,2.71,2434,646,0,0.0,15.87,287,287,191,524,474,11.9,0,2026-08-31
SKU-0039,WH-JHR-02,Johor Bahru,Industrial Components,B,SUP-006,131.58,255.94,23,5.2,1.4,0.54,293,147,1,0.6,24.61,50,42,36,151,137,19.3,0,2026-08-31
SKU-0040,WH-JHR-02,Johor Bahru,Automotive Parts,C,SUP-029,78.22,117.48,41,11.4,2.31,0.98,546,227,4,12.7,14.63,65,76,105,252,228,11.7,0,2026-08-31
SKU-0041,WH-JHR-02,Johor Bahru,Medical Supplies,C,SUP-024,42.4,92.26,14,2.2,0.85,0.21,201,76,1,4.0,7.93,28,21,13,207,188,3.9,0,2026-08-31
SKU-0042,WH-JHR-02,Johor Bahru,FMCG Household,B,SUP-021,25.68,45.35,11,3.1,16.54,4.03,3990,861,0,0.0,4.8,427,586,204,1176,1064,7.5,0,2026-08-31
SKU-0043,WH-JHR-02,Johor Bahru,Automotive Parts,C,SUP-030,44.29,60.29,32,8.9,2.94,1.35,656,209,3,8.6,8.28,91,85,107,378,342,11.2,0,2026-08-31
SKU-0044,WH-JHR-02,Johor Bahru,Industrial Components,C,SUP-037,74.35,102.09,32,5.3,0.84,0.28,191,35,0,0.0,13.9,36,26,29,156,141,5.2,0,2026-08-31
SKU-0045,WH-JHR-02,Johor Bahru,FMCG Household,C,SUP-014,10.3,19.42,8,1.9,3.1,0.97,707,225,0,0.0,1.93,88,98,29,803,726,4.5,0,2026-08-31
SKU-0046,WH-JHR-02,Johor Bahru,FMCG Household,C,SUP-017,15.25,21.25,8,2.5,6.56,1.67,1594,426,1,1.1,2.85,217,210,60,961,870,6.7,0,2026-08-31
SKU-0047,WH-JHR-02,Johor Bahru,Industrial Components,B,SUP-008,159.92,267.7,31,5.0,2.51,1.01,487,107,1,5.2,29.91,51,77,87,184,166,3.4,0,2026-08-31
SKU-0048,WH-JHR-02,Johor Bahru,Industrial Components,B,SUP-026,137.38,324.81,33,9.4,2.1,0.68,455,193,1,3.9,25.69,85,69,76,181,164,4.8,0,2026-08-31
SKU-0049,WH-JHR-02,Johor Bahru,Automotive Parts,C,SUP-017,56.92,73.11,29,9.8,0.81,0.39,185,66,3,3.1,10.64,22,25,27,175,158,4.6,0,2026-08-31
SKU-0050,WH-JHR-02,Johor Bahru,Consumer Electronics,B,SUP-014,136.38,176.19,22,7.0,2.04,1.3,439,195,0,0.0,25.5,77,71,55,179,162,7.5,0,2026-08-31
SKU-0051,WH-JHR-02,Johor Bahru,Consumer Electronics,A,SUP-028,361.35,855.29,22,4.4,5.56,2.98,1253,116,0,0.0,67.57,166,175,145,182,164,8.3,1,2026-08-31
SKU-0052,WH-JHR-02,Johor Bahru,Consumer Electronics,A,SUP-017,284.1,498.83,19,4.8,8.38,3.78,1901,501,0,0.0,53.13,290,296,186,252,228,4.4,0,2026-08-31
SKU-0053,WH-JHR-02,Johor Bahru,FMCG Household,C,SUP-019,19.23,26.19,10,3.5,0.5,0.15,110,102,1,1.3,3.6,18,16,6,236,214,3.5,0,2026-08-31
SKU-0054,WH-JHR-02,Johor Bahru,Automotive Parts,B,SUP-018,244.47,534.98,28,6.8,1.54,0.86,353,74,3,4.0,45.72,43,39,51,116,105,8.5,0,2026-08-31
SKU-0055,WH-JHR-02,Johor Bahru,Automotive Parts,B,SUP-011,274.13,591.99,35,4.5,2.06,1.15,486,103,1,2.4,51.26,78,76,83,127,115,7.8,0,2026-08-31
SKU-0056,WH-JHR-02,Johor Bahru,FMCG Household,C,SUP-006,4.45,7.58,8,0.9,12.43,3.13,2804,1534,1,2.0,0.83,318,354,114,2452,2218,21.5,0,2026-08-31
SKU-0057,WH-JHR-02,Johor Bahru,Medical Supplies,C,SUP-034,73.59,132.32,18,5.4,2.5,0.86,557,218,0,0.0,13.76,89,85,51,270,244,10.5,0,2026-08-31
SKU-0058,WH-JHR-02,Johor Bahru,Automotive Parts,C,SUP-004,202.65,297.29,31,6.4,0.26,0.11,59,17,5,9.9,37.9,7,8,9,52,47,6.1,0,2026-08-31
SKU-0059,WH-JHR-02,Johor Bahru,Consumer Electronics,B,SUP-013,171.92,225.67,22,3.6,7.12,3.42,1626,409,0,0.0,32.15,234,234,183,298,270,11.9,0,2026-08-31
SKU-0060,WH-JHR-02,Johor Bahru,Consumer Electronics,A,SUP-027,361.68,639.06,22,4.1,14.02,8.48,2906,490,0,0.0,67.63,386,395,374,289,261,18.0,0,2026-08-31
SKU-0061,WH-JHR-02,Johor Bahru,Automotive Parts,C,SUP-006,184.42,273.67,42,12.2,0.3,0.14,70,14,4,6.0,34.49,9,10,14,59,53,4.5,1,2026-08-31
SKU-0062,WH-JHR-02,Johor Bahru,Medical Supplies,A,SUP-027,141.13,260.82,18,3.9,8.47,2.65,1888,346,2,0.6,26.39,199,248,171,359,325,6.2,0,2026-08-31
SKU-0063,WH-JHR-02,Johor Bahru,Automotive Parts,B,SUP-030,302.64,631.88,40,12.7,1.22,0.64,296,72,3,3.7,56.59,39,42,55,93,84,7.0,0,2026-08-31
SKU-0064,WH-JHR-02,Johor Bahru,FMCG Household,C,SUP-027,15.62,20.19,8,2.3,9.26,2.47,2182,449,2,2.2,2.92,286,289,86,1128,1021,4.8,0,2026-08-31
SKU-0065,WH-JHR-02,Johor Bahru,Automotive Parts,C,SUP-013,321.06,567.7,32,11.0,0.39,0.19,95,29,2,9.6,60.04,11,13,14,51,46,16.0,0,2026-08-31
SKU-0066,WH-JHR-02,Johor Bahru,Medical Supplies,C,SUP-001,110.64,158.8,14,4.5,3.19,0.92,689,62,0,0.0,20.69,96,77,50,249,225,4.6,0,2026-08-31
SKU-0067,WH-JHR-02,Johor Bahru,Medical Supplies,A,SUP-036,154.85,332.72,18,2.9,10.03,2.47,2246,406,0,0.0,28.96,316,299,198,373,337,13.6,0,2026-08-31
SKU-0068,WH-JHR-02,Johor Bahru,Industrial Components,B,SUP-014,100.42,145.82,33,8.7,3.51,1.19,749,112,4,2.3,18.78,93,109,127,274,248,4.6,1,2026-08-31
SKU-0069,WH-JHR-02,Johor Bahru,Consumer Electronics,A,SUP-033,232.06,414.3,27,2.8,23.61,15.94,5191,946,3,5.2,43.4,702,723,774,467,423,25.9,0,2026-08-31
SKU-0070,WH-JHR-02,Johor Bahru,Medical Supplies,A,SUP-008,101.28,174.4,19,6.6,7.33,2.24,1781,276,2,7.1,18.94,176,239,155,394,357,13.4,0,2026-08-31
SKU-0071,WH-JHR-02,Johor Bahru,Consumer Electronics,B,SUP-007,84.37,132.37,24,4.0,6.86,3.2,1667,655,0,0.0,15.78,316,199,190,418,378,17.4,0,2026-08-31
SKU-0072,WH-JHR-02,Johor Bahru,Industrial Components,A,SUP-032,114.45,213.5,25,6.7,9.21,3.58,1975,279,2,10.3,21.4,346,278,260,416,376,10.6,0,2026-08-31
SKU-0073,WH-JHR-02,Johor Bahru,FMCG Household,B,SUP-038,25.93,49.99,7,2.2,13.15,4.54,2931,1119,2,3.0,4.85,426,436,112,1043,944,17.3,0,2026-08-31
SKU-0074,WH-JHR-02,Johor Bahru,Industrial Components,B,SUP-035,170.66,296.33,35,4.9,5.09,2.15,1158,377,2,7.1,31.91,195,121,199,253,229,15.6,0,2026-08-31
SKU-0075,WH-JHR-02,Johor Bahru,Consumer Electronics,B,SUP-031,111.56,220.05,19,5.9,3.56,2.07,839,171,4,0.5,20.86,62,112,82,262,237,8.9,0,2026-08-31
SKU-0076,WH-JHR-02,Johor Bahru,Industrial Components,B,SUP-010,100.0,234.76,24,2.5,1.2,0.41,248,94,4,7.1,18.7,20,35,32,161,145,8.0,0,2026-08-31
SKU-0077,WH-JHR-02,Johor Bahru,Industrial Components,C,SUP-037,64.37,102.33,37,7.8,0.73,0.27,153,76,7,1.7,12.04,20,20,30,156,141,11.4,0,2026-08-31
SKU-0078,WH-JHR-02,Johor Bahru,Automotive Parts,C,SUP-027,37.94,63.79,43,9.4,4.55,2.39,1066,136,2,0.5,7.09,98,141,221,508,459,14.9,1,2026-08-31
SKU-0079,WH-JHR-02,Johor Bahru,Medical Supplies,C,SUP-007,167.81,216.39,19,3.7,1.58,0.56,323,92,2,0.5,31.38,46,53,34,142,129,3.4,0,2026-08-31
SKU-0080,WH-JHR-02,Johor Bahru,FMCG Household,B,SUP-006,14.21,28.8,9,2.2,19.87,6.5,4431,1347,0,0.0,2.66,635,652,211,1732,1566,28.6,0,2026-08-31
SKU-0081,WH-JHR-02,Johor Bahru,Automotive Parts,C,SUP-035,128.41,216.65,41,13.5,0.69,0.31,159,87,3,8.3,24.01,25,20,32,107,97,7.4,0,2026-08-31
SKU-0082,WH-JHR-02,Johor Bahru,Industrial Components,B,SUP-012,162.83,257.18,25,4.5,4.49,1.34,1048,256,3,4.2,30.45,104,145,123,243,220,20.4,0,2026-08-31
SKU-0083,WH-JHR-02,Johor Bahru,FMCG Household,C,SUP-031,3.18,4.26,9,2.2,16.8,4.97,3809,909,0,0.0,0.59,558,543,176,3381,3058,3.3,0,2026-08-31
SKU-0084,WH-JHR-02,Johor Bahru,Consumer Electronics,A,SUP-006,149.26,324.67,21,6.7,22.76,10.9,5098,737,1,0.5,27.91,699,677,560,572,518,14.5,0,2026-08-31
SKU-0085,WH-JHR-02,Johor Bahru,Consumer Electronics,A,SUP-012,308.64,483.92,28,8.2,4.61,2.1,1100,202,0,0.0,57.72,152,130,147,179,162,21.0,0,2026-08-31
SKU-0086,WH-JHR-02,Johor Bahru,Consumer Electronics,B,SUP-012,282.66,529.06,28,3.1,1.14,0.64,264,49,3,2.2,52.86,31,32,37,93,84,13.6,0,2026-08-31
SKU-0087,WH-JHR-02,Johor Bahru,FMCG Household,C,SUP-012,27.55,37.94,10,3.4,4.61,1.41,1017,259,1,1.6,5.15,183,149,53,600,542,7.6,0,2026-08-31
SKU-0088,WH-JHR-02,Johor Bahru,Medical Supplies,C,SUP-027,116.22,267.89,14,1.6,1.11,0.39,254,23,1,2.3,21.73,33,33,18,143,130,12.0,0,2026-08-31
SKU-0089,WH-JHR-02,Johor Bahru,Consumer Electronics,B,SUP-037,224.06,313.04,22,5.4,1.94,1.23,452,92,0,0.0,41.9,82,53,52,136,123,16.2,0,2026-08-31
SKU-0090,WH-JHR-02,Johor Bahru,Medical Supplies,A,SUP-037,139.92,197.58,16,3.9,6.52,2.32,1584,284,0,0.0,26.17,165,166,120,316,286,8.5,0,2026-08-31
SKU-0091,WH-JHR-02,Johor Bahru,Consumer Electronics,A,SUP-030,383.75,815.16,27,8.0,4.22,2.65,1004,169,1,0.6,71.76,150,136,137,154,139,5.8,0,2026-08-31
SKU-0092,WH-JHR-02,Johor Bahru,Automotive Parts,B,SUP-009,260.62,577.27,28,3.8,1.05,0.53,255,99,3,3.3,48.74,32,30,34,93,84,4.7,0,2026-08-31
SKU-0093,WH-JHR-02,Johor Bahru,Medical Supplies,C,SUP-039,173.82,247.03,14,2.0,1.55,0.37,343,58,0,0.0,32.5,44,48,24,138,125,7.8,0,2026-08-31
SKU-0094,WH-JHR-02,Johor Bahru,Industrial Components,B,SUP-022,207.25,339.27,33,9.5,2.65,1.0,588,132,0,0.0,38.76,92,88,97,166,150,20.9,0,2026-08-31
SKU-0095,WH-JHR-02,Johor Bahru,Industrial Components,C,SUP-022,227.77,441.46,29,4.0,0.64,0.19,144,34,3,1.1,42.59,18,17,20,78,70,14.5,0,2026-08-31
SKU-0096,WH-JHR-02,Johor Bahru,Automotive Parts,C,SUP-029,66.51,143.41,41,8.9,0.73,0.27,165,56,4,1.4,12.44,12,22,33,153,139,6.1,0,2026-08-31
SKU-0097,WH-JHR-02,Johor Bahru,Industrial Components,B,SUP-031,195.24,303.38,23,6.5,2.11,0.64,456,105,4,6.0,36.51,35,62,54,152,138,9.9,0,2026-08-31
SKU-0098,WH-JHR-02,Johor Bahru,Consumer Electronics,A,SUP-039,210.03,353.66,26,6.8,11.63,7.49,2826,622,0,0.0,39.28,454,361,365,345,312,9.8,0,2026-08-31
SKU-0099,WH-JHR-02,Johor Bahru,Consumer Electronics,A,SUP-024,252.41,492.04,17,2.6,5.73,3.58,1370,366,0,0.0,47.2,222,191,122,221,200,17.5,0,2026-08-31
SKU-0100,WH-JHR-02,Johor Bahru,Apparel & Textiles,C,SUP-025,64.91,125.6,19,3.3,0.44,0.38,99,107,2,2.9,12.14,19,12,11,121,109,4.4,0,2026-08-31
SKU-0101,WH-JHR-02,Johor Bahru,Apparel & Textiles,B,SUP-030,92.37,185.43,25,8.6,4.2,3.65,992,151,2,4.8,17.27,128,132,135,312,283,22.5,0,2026-08-31
SKU-0102,WH-JHR-02,Johor Bahru,Automotive Parts,B,SUP-011,345.06,600.29,29,6.2,1.98,1.07,458,80,6,4.0,64.53,44,65,67,111,100,4.5,0,2026-08-31
SKU-0103,WH-JHR-02,Johor Bahru,Industrial Components,C,SUP-013,87.75,118.21,32,3.6,2.03,0.61,481,212,6,1.7,16.41,56,60,71,223,202,5.2,0,2026-08-31
SKU-0104,WH-JHR-02,Johor Bahru,Apparel & Textiles,A,SUP-026,71.84,158.04,19,2.9,10.33,8.64,2191,339,0,0.0,13.43,317,306,258,556,503,11.9,0,2026-08-31
SKU-0105,WH-JHR-02,Johor Bahru,FMCG Household,C,SUP-003,21.75,46.44,7,1.3,0.94,0.31,213,109,0,0.0,4.07,23,29,8,305,275,4.3,0,2026-08-31
SKU-0106,WH-JHR-02,Johor Bahru,Automotive Parts,C,SUP-013,140.88,285.94,39,13.6,0.49,0.26,112,45,0,0.0,26.34,20,15,22,86,78,7.2,0,2026-08-31
SKU-0107,WH-JHR-02,Johor Bahru,Medical Supplies,C,SUP-029,32.81,44.1,15,2.6,5.92,1.54,1397,419,0,0.0,6.14,269,187,99,622,563,16.8,0,2026-08-31
SKU-0108,WH-JHR-02,Johor Bahru,Industrial Components,C,SUP-040,27.91,39.51,33,3.5,0.51,0.15,113,48,1,8.3,5.22,17,16,18,198,179,8.7,0,2026-08-31
SKU-0109,WH-JHR-02,Johor Bahru,Consumer Electronics,A,SUP-021,336.5,656.84,26,5.9,16.62,11.11,3292,454,3,3.1,62.93,507,455,525,326,295,9.9,1,2026-08-31
SKU-0110,WH-JHR-02,Johor Bahru,Apparel & Textiles,C,SUP-016,50.6,65.57,20,2.4,2.2,1.35,474,155,3,0.7,9.46,49,72,54,306,276,6.7,0,2026-08-31
SKU-0111,WH-JHR-02,Johor Bahru,Medical Supplies,A,SUP-018,177.57,415.39,21,3.5,8.96,2.6,2040,538,1,2.1,33.21,366,297,208,329,298,6.8,0,2026-08-31
SKU-0112,WH-JHR-02,Johor Bahru,Consumer Electronics,B,SUP-028,219.37,340.52,20,7.0,3.51,1.94,804,179,1,4.2,41.02,109,107,84,185,168,13.9,0,2026-08-31
SKU-0113,WH-JHR-02,Johor Bahru,Industrial Components,A,SUP-022,254.66,488.75,28,7.7,3.59,1.08,872,186,0,0.0,47.62,103,93,110,174,157,4.7,0,2026-08-31
SKU-0114,WH-JHR-02,Johor Bahru,Automotive Parts,B,SUP-001,161.7,351.16,27,3.0,4.59,1.67,1081,217,1,5.5,30.24,155,136,138,247,223,3.5,0,2026-08-31
SKU-0115,WH-JHR-02,Johor Bahru,Consumer Electronics,A,SUP-022,342.63,537.09,27,5.7,3.7,2.54,849,204,4,6.4,64.07,99,113,122,152,138,7.4,0,2026-08-31
SKU-0116,WH-JHR-02,Johor Bahru,FMCG Household,C,SUP-017,5.12,7.7,10,1.4,10.66,3.57,2431,421,2,1.2,0.96,337,287,125,2111,1910,6.7,0,2026-08-31
SKU-0117,WH-JHR-02,Johor Bahru,FMCG Household,C,SUP-029,16.89,30.11,10,1.3,12.14,4.11,2936,540,1,1.4,3.16,256,352,143,1242,1123,16.7,0,2026-08-31
SKU-0118,WH-JHR-02,Johor Bahru,Automotive Parts,C,SUP-036,286.66,502.17,43,10.6,0.86,0.36,190,62,2,4.6,53.61,32,23,41,80,73,10.4,0,2026-08-31
SKU-0119,WH-JHR-02,Johor Bahru,Medical Supplies,B,SUP-039,167.35,264.5,17,3.8,3.41,0.92,773,115,1,3.5,31.29,102,108,64,209,189,9.2,0,2026-08-31
SKU-0120,WH-JHR-02,Johor Bahru,Automotive Parts,B,SUP-025,293.23,520.5,42,12.0,1.18,0.53,254,66,5,4.4,54.83,45,36,55,93,84,10.6,0,2026-08-31
SKU-0121,WH-JHR-02,Johor Bahru,Automotive Parts,C,SUP-015,41.83,94.37,38,12.3,2.48,1.12,603,140,3,7.4,7.82,73,63,106,357,323,14.7,0,2026-08-31
SKU-0122,WH-JHR-02,Johor Bahru,Automotive Parts,B,SUP-018,149.26,244.03,42,6.8,3.82,1.38,891,79,5,6.9,27.91,113,118,175,234,212,10.3,1,2026-08-31
SKU-0123,WH-JHR-02,Johor Bahru,Consumer Electronics,C,SUP-008,63.26,89.2,28,9.3,1.07,0.68,235,90,4,0.5,11.83,24,32,36,191,172,5.5,0,2026-08-31
SKU-0124,WH-JHR-02,Johor Bahru,Industrial Components,C,SUP-038,44.45,69.0,38,8.7,1.09,0.48,247,52,0,0.0,8.31,39,34,46,229,208,10.9,0,2026-08-31
SKU-0125,WH-JHR-02,Johor Bahru,Consumer Electronics,A,SUP-034,298.24,467.37,18,3.0,17.3,9.88,4059,564,1,2.7,55.77,429,501,380,353,319,12.5,0,2026-08-31
SKU-0126,WH-JHR-02,Johor Bahru,Medical Supplies,C,SUP-035,131.83,179.9,21,6.5,1.78,0.52,401,90,0,0.0,24.65,49,50,41,170,154,21.2,0,2026-08-31
SKU-0127,WH-JHR-02,Johor Bahru,Industrial Components,C,SUP-014,205.24,284.52,35,3.8,0.94,0.32,209,94,0,0.0,38.38,29,26,36,99,90,15.4,0,2026-08-31
SKU-0128,WH-JHR-02,Johor Bahru,Consumer Electronics,A,SUP-013,369.55,692.61,24,5.8,6.4,2.97,1411,256,0,0.0,69.11,201,183,178,193,174,5.9,0,2026-08-31
SKU-0129,WH-JHR-02,Johor Bahru,Consumer Electronics,A,SUP-035,322.29,489.96,20,5.6,9.25,4.68,2151,312,4,1.9,60.27,179,278,219,248,225,4.5,0,2026-08-31
SKU-0130,WH-JHR-02,Johor Bahru,Automotive Parts,B,SUP-022,286.28,656.25,43,7.3,1.27,0.59,285,36,2,0.9,53.53,37,39,61,98,88,12.4,1,2026-08-31
SKU-0131,WH-JHR-02,Johor Bahru,Consumer Electronics,B,SUP-029,63.36,91.52,19,6.0,11.26,6.16,2510,689,1,0.5,11.85,404,332,258,618,559,3.8,0,2026-08-31
SKU-0132,WH-JHR-02,Johor Bahru,Apparel & Textiles,C,SUP-020,28.4,38.15,26,4.2,5.79,4.24,1229,408,1,9.7,5.31,163,167,186,662,598,7.9,0,2026-08-31
SKU-0133,WH-JHR-02,Johor Bahru,Automotive Parts,B,SUP-018,229.01,450.15,35,10.8,3.51,1.87,805,131,2,5.8,42.82,102,102,141,181,164,13.9,1,2026-08-31
SKU-0134,WH-JHR-02,Johor Bahru,Industrial Components,A,SUP-026,225.67,487.59,25,3.0,3.15,0.99,713,128,0,0.0,42.2,100,116,87,173,157,4.1,0,2026-08-31
SKU-0135,WH-JHR-02,Johor Bahru,Automotive Parts,B,SUP-033,31.44,46.24,39,5.5,10.15,3.71,2279,581,1,1.1,5.88,302,283,434,833,753,9.0,0,2026-08-31
SKU-0136,WH-JHR-02,Johor Bahru,Consumer Electronics,B,SUP-014,237.99,336.5,18,3.5,3.99,1.79,921,179,1,6.4,44.5,95,114,84,190,172,6.9,0,2026-08-31
SKU-0137,WH-JHR-02,Johor Bahru,Apparel & Textiles,C,SUP-033,66.92,93.84,29,9.1,0.55,0.33,131,46,1,2.1,12.51,17,21,19,133,120,15.5,0,2026-08-31
SKU-0138,WH-JHR-02,Johor Bahru,Medical Supplies,C,SUP-010,16.97,28.66,22,3.0,15.3,4.85,3625,1415,0,0.0,3.17,569,476,374,1392,1259,5.1,0,2026-08-31
SKU-0139,WH-JHR-02,Johor Bahru,FMCG Household,C,SUP-017,13.03,21.31,9,2.9,2.96,0.96,696,202,1,1.3,2.44,70,78,31,698,631,13.8,0,2026-08-31
SKU-0140,WH-JHR-02,Johor Bahru,Consumer Electronics,A,SUP-037,380.86,554.7,25,3.9,5.32,3.51,1200,129,1,11.9,71.22,150,172,162,173,157,5.3,1,2026-08-31
SKU-0141,WH-JHR-02,Johor Bahru,Medical Supplies,A,SUP-039,124.83,163.45,15,3.2,9.3,3.03,2060,283,2,2.0,23.34,200,256,159,400,362,9.2,0,2026-08-31
SKU-0142,WH-JHR-02,Johor Bahru,Medical Supplies,C,SUP-037,51.93,85.6,22,4.1,0.48,0.14,104,137,1,1.9,9.71,18,16,12,141,127,8.5,0,2026-08-31
SKU-0143,WH-JHR-02,Johor Bahru,Apparel & Textiles,C,SUP-013,82.19,189.1,32,4.1,1.02,0.62,226,86,2,5.4,15.37,31,30,38,163,148,16.7,0,2026-08-31
SKU-0144,WH-JHR-02,Johor Bahru,Automotive Parts,C,SUP-034,141.37,259.35,28,9.4,0.43,0.19,98,33,4,5.1,26.44,11,12,14,81,73,2.0,0,2026-08-31
SKU-0145,WH-JHR-02,Johor Bahru,Medical Supplies,C,SUP-038,155.36,258.24,20,4.2,1.57,0.45,344,113,0,0.0,29.05,49,54,35,147,133,9.4,0,2026-08-31
SKU-0146,WH-JHR-02,Johor Bahru,Industrial Components,C,SUP-040,90.34,122.06,30,8.2,3.41,1.42,783,198,3,4.0,16.89,77,108,115,285,258,12.2,0,2026-08-31
SKU-0147,WH-JHR-02,Johor Bahru,Industrial Components,B,SUP-001,160.86,233.43,31,7.6,2.38,0.85,516,156,2,1.4,30.08,57,78,82,178,161,9.9,0,2026-08-31
SKU-0148,WH-JHR-02,Johor Bahru,Medical Supplies,B,SUP-030,78.69,116.77,20,4.5,2.79,0.75,581,122,2,2.0,14.72,58,87,61,276,250,2.6,0,2026-08-31
SKU-0149,WH-JHR-02,Johor Bahru,Medical Supplies,C,SUP-040,58.17,115.26,18,4.6,0.79,0.22,188,139,1,3.0,10.88,19,23,16,171,154,5.8,0,2026-08-31
SKU-0150,WH-JHR-02,Johor Bahru,Consumer Electronics,B,SUP-031,377.46,812.82,24,7.8,0.51,0.24,114,47,3,4.6,70.59,20,16,14,54,49,18.8,0,2026-08-31
SKU-0151,WH-JHR-02,Johor Bahru,FMCG Household,C,SUP-010,7.69,16.89,8,2.2,8.86,3.01,1934,190,0,0.0,1.44,228,295,85,1572,1422,16.7,0,2026-08-31
SKU-0152,WH-JHR-02,Johor Bahru,FMCG Household,C,SUP-031,5.12,12.03,9,2.1,6.31,1.45,1357,948,0,0.0,0.96,213,192,64,1625,1469,13.2,0,2026-08-31
SKU-0153,WH-JHR-02,Johor Bahru,Consumer Electronics,A,SUP-005,173.22,406.29,27,7.1,6.99,3.1,1633,275,0,0.0,32.39,175,244,215,294,266,29.1,0,2026-08-31
SKU-0154,WH-JHR-02,Johor Bahru,Medical Supplies,A,SUP-020,132.56,303.4,14,3.5,3.87,1.02,940,190,0,0.0,24.79,138,125,60,250,226,4.3,0,2026-08-31
SKU-0155,WH-JHR-02,Johor Bahru,Consumer Electronics,A,SUP-026,347.79,461.17,24,5.0,3.9,2.5,872,103,2,6.1,65.04,93,119,114,155,140,21.6,1,2026-08-31
SKU-0156,WH-JHR-02,Johor Bahru,Automotive Parts,B,SUP-019,349.6,478.65,29,7.4,1.84,0.86,415,118,5,3.0,65.38,57,56,61,106,96,7.4,0,2026-08-31
SKU-0157,WH-JHR-02,Johor Bahru,Industrial Components,C,SUP-028,89.72,133.83,36,7.6,2.63,1.0,635,265,5,5.0,16.78,81,80,105,251,227,28.8,0,2026-08-31
SKU-0158,WH-JHR-02,Johor Bahru,Automotive Parts,B,SUP-010,160.54,276.34,36,10.4,1.69,0.73,349,100,0,0.0,30.02,78,45,68,150,136,5.6,0,2026-08-31
SKU-0159,WH-JHR-02,Johor Bahru,FMCG Household,C,SUP-025,6.42,8.62,9,3.1,4.04,0.94,982,720,1,1.0,1.2,140,120,41,1163,1052,10.2,0,2026-08-31
SKU-0160,WH-JHR-02,Johor Bahru,FMCG Household,C,SUP-026,17.37,36.53,8,2.7,7.8,2.59,1895,696,1,1.3,3.25,208,239,74,982,888,10.9,0,2026-08-31
SKU-0161,WH-JHR-02,Johor Bahru,Consumer Electronics,A,SUP-026,419.09,751.1,22,6.7,5.38,2.62,1052,166,1,2.9,78.37,189,155,139,166,150,8.4,0,2026-08-31
SKU-0162,WH-JHR-02,Johor Bahru,Apparel & Textiles,B,SUP-012,68.98,117.97,32,8.0,4.2,2.4,954,336,1,3.8,12.9,188,130,157,362,327,12.2,0,2026-08-31
SKU-0163,WH-JHR-02,Johor Bahru,Industrial Components,C,SUP-013,162.04,224.9,30,8.6,1.13,0.42,248,76,4,6.3,30.3,22,34,38,122,111,21.1,0,2026-08-31
SKU-0164,WH-JHR-02,Johor Bahru,Consumer Electronics,A,SUP-011,192.14,278.94,22,3.2,6.99,3.22,1574,182,1,0.9,35.93,175,224,179,279,253,16.1,0,2026-08-31
SKU-0165,WH-JHR-02,Johor Bahru,Medical Supplies,B,SUP-019,165.77,229.51,21,4.6,2.51,0.63,561,186,0,0.0,31.0,73,80,57,180,163,5.4,0,2026-08-31
SKU-0166,WH-JHR-02,Johor Bahru,Industrial Components,B,SUP-024,138.25,292.1,28,4.6,1.07,0.43,255,69,2,0.5,25.85,30,33,34,129,117,9.6,0,2026-08-31
SKU-0167,WH-JHR-02,Johor Bahru,FMCG Household,C,SUP-015,6.36,11.16,9,0.9,19.46,5.56,4418,1896,2,2.8,1.19,553,512,203,2562,2318,7.1,0,2026-08-31
SKU-0168,WH-JHR-02,Johor Bahru,FMCG Household,C,SUP-017,12.13,23.54,9,3.1,1.34,0.34,291,244,0,0.0,2.27,29,47,14,487,440,14.2,0,2026-08-31
SKU-0169,WH-JHR-02,Johor Bahru,Industrial Components,C,SUP-012,34.25,50.86,24,7.6,0.6,0.2,136,66,0,0.0,6.4,24,18,16,194,175,4.4,0,2026-08-31
SKU-0170,WH-JHR-02,Johor Bahru,Apparel & Textiles,C,SUP-009,25.57,39.56,29,6.6,0.53,0.42,124,127,6,0.5,4.78,11,16,19,211,191,5.9,0,2026-08-31
SKU-0171,WH-JHR-02,Johor Bahru,Industrial Components,C,SUP-027,22.28,35.13,36,5.9,0.23,0.07,49,61,8,7.9,4.17,7,7,9,149,135,9.3,0,2026-08-31
SKU-0172,WH-JHR-02,Johor Bahru,Medical Supplies,C,SUP-033,88.15,174.07,22,6.0,1.44,0.37,300,161,0,0.0,16.48,54,41,35,187,169,5.5,0,2026-08-31
SKU-0173,WH-JHR-02,Johor Bahru,Industrial Components,B,SUP-012,171.56,341.79,36,7.5,2.79,1.05,678,181,1,5.0,32.08,85,95,111,187,169,3.6,0,2026-08-31
SKU-0174,WH-JHR-02,Johor Bahru,Apparel & Textiles,C,SUP-035,37.87,53.67,25,7.5,2.13,1.6,470,330,4,5.5,7.08,51,72,66,348,314,15.7,0,2026-08-31
SKU-0175,WH-JHR-02,Johor Bahru,Consumer Electronics,A,SUP-023,202.64,459.45,20,7.0,4.51,3.07,1023,252,2,2.6,37.89,98,141,113,219,198,7.9,0,2026-08-31
SKU-0176,WH-JHR-02,Johor Bahru,Consumer Electronics,A,SUP-007,404.7,549.44,24,4.5,13.44,7.16,3005,308,0,0.0,75.68,391,399,380,267,242,7.3,1,2026-08-31
SKU-0177,WH-JHR-02,Johor Bahru,Medical Supplies,A,SUP-015,138.33,302.43,23,3.7,13.03,3.24,3063,281,2,2.4,25.87,334,413,325,450,407,4.7,1,2026-08-31
SKU-0178,WH-JHR-02,Johor Bahru,Apparel & Textiles,C,SUP-001,55.05,74.01,29,4.8,1.8,1.31,437,71,0,0.0,10.29,58,54,64,265,240,11.5,0,2026-08-31
SKU-0179,WH-JHR-02,Johor Bahru,FMCG Household,C,SUP-002,10.11,14.76,10,1.2,14.55,4.43,3426,816,0,0.0,1.89,311,429,169,1758,1590,9.0,0,2026-08-31
SKU-0180,WH-JHR-02,Johor Bahru,FMCG Household,B,SUP-014,25.42,53.49,11,2.2,9.78,2.36,2054,596,0,0.0,4.75,352,302,120,909,822,16.4,0,2026-08-31
SKU-0181,WH-JHR-02,Johor Bahru,FMCG Household,C,SUP-019,8.88,12.41,11,1.1,5.1,1.5,1079,619,1,1.4,1.66,160,147,64,1111,1005,17.7,0,2026-08-31
SKU-0182,WH-JHR-02,Johor Bahru,FMCG Household,C,SUP-032,11.13,17.64,12,1.5,5.76,1.43,1288,286,1,1.6,2.08,183,177,77,1054,954,8.8,0,2026-08-31
SKU-0183,WH-JHR-02,Johor Bahru,Medical Supplies,C,SUP-006,164.72,266.52,21,3.5,0.49,0.17,110,54,1,0.9,30.8,20,15,12,80,72,11.0,0,2026-08-31
SKU-0184,WH-JHR-02,Johor Bahru,Industrial Components,C,SUP-034,146.15,211.29,29,4.1,0.68,0.28,141,62,0,0.0,27.33,19,22,22,100,90,23.2,0,2026-08-31
SKU-0185,WH-JHR-02,Johor Bahru,FMCG Household,C,SUP-010,21.56,41.12,9,2.5,3.13,0.87,746,283,0,0.0,4.03,81,89,32,558,505,12.0,0,2026-08-31
SKU-0186,WH-JHR-02,Johor Bahru,Automotive Parts,B,SUP-006,219.04,462.58,34,4.3,3.55,1.97,764,104,1,8.3,40.96,96,113,140,187,169,4.5,1,2026-08-31
SKU-0187,WH-JHR-02,Johor Bahru,Industrial Components,A,SUP-028,176.13,378.65,27,8.5,8.6,3.74,2090,323,1,6.3,32.94,252,237,264,324,293,9.0,0,2026-08-31
SKU-0188,WH-JHR-02,Johor Bahru,Consumer Electronics,C,SUP-031,157.27,239.07,28,4.3,1.23,0.58,299,85,1,5.3,29.41,37,35,39,130,117,14.9,0,2026-08-31
SKU-0189,WH-JHR-02,Johor Bahru,FMCG Household,C,SUP-025,9.03,15.33,10,1.3,10.54,2.85,2376,758,3,0.9,1.69,265,301,120,1582,1431,12.4,0,2026-08-31
SKU-0190,WH-JHR-02,Johor Bahru,Industrial Components,C,SUP-005,96.04,139.07,30,3.1,0.6,0.22,140,35,4,2.5,17.96,10,16,20,116,105,8.9,0,2026-08-31
SKU-0191,WH-JHR-02,Johor Bahru,Apparel & Textiles,C,SUP-005,21.52,31.1,24,6.7,4.17,2.45,890,699,1,3.2,4.02,112,137,120,645,584,9.8,0,2026-08-31
SKU-0192,WH-JHR-02,Johor Bahru,Industrial Components,B,SUP-016,229.58,318.0,32,5.3,0.96,0.33,227,74,0,0.0,42.93,32,26,34,95,86,13.0,0,2026-08-31
SKU-0193,WH-JHR-02,Johor Bahru,Consumer Electronics,C,SUP-019,151.22,342.44,23,5.2,0.94,0.47,209,59,1,3.7,28.28,30,26,25,116,104,2.6,0,2026-08-31
SKU-0194,WH-JHR-02,Johor Bahru,FMCG Household,B,SUP-040,17.04,37.02,8,1.0,19.18,6.6,4128,1225,2,0.5,3.19,739,640,184,1554,1405,13.0,0,2026-08-31
SKU-0195,WH-JHR-02,Johor Bahru,Consumer Electronics,A,SUP-012,341.99,683.77,27,9.4,2.73,1.48,614,116,1,0.9,63.95,119,78,86,131,118,6.0,0,2026-08-31
SKU-0196,WH-JHR-02,Johor Bahru,Consumer Electronics,B,SUP-008,338.93,570.93,21,2.8,2.13,1.34,474,86,1,5.2,63.38,76,63,55,116,105,13.6,0,2026-08-31
SKU-0197,WH-JHR-02,Johor Bahru,Automotive Parts,C,SUP-038,170.28,282.21,33,6.7,0.73,0.32,164,67,0,0.0,31.84,29,20,27,96,87,13.5,0,2026-08-31
SKU-0198,WH-JHR-02,Johor Bahru,FMCG Household,C,SUP-007,14.91,25.3,8,2.5,4.92,1.18,1181,277,2,0.5,2.79,175,159,45,841,761,2.6,0,2026-08-31
SKU-0199,WH-JHR-02,Johor Bahru,Consumer Electronics,A,SUP-002,418.01,712.31,23,3.7,3.78,2.47,827,209,2,5.9,78.17,158,122,106,139,126,24.5,0,2026-08-31
SKU-0200,WH-JHR-02,Johor Bahru,Industrial Components,B,SUP-017,181.25,290.67,33,5.5,1.15,0.32,279,104,0,0.0,33.89,49,37,41,117,106,14.5,0,2026-08-31
SKU-0201,WH-JHR-02,Johor Bahru,FMCG Household,C,SUP-017,23.37,31.9,12,3.6,10.69,2.47,2270,1012,1,0.8,4.37,394,336,142,991,896,11.1,0,2026-08-31
SKU-0202,WH-JHR-02,Johor Bahru,Apparel & Textiles,B,SUP-025,86.52,117.75,20,3.4,2.81,1.9,683,144,0,0.0,16.18,99,85,70,264,239,18.1,0,2026-08-31
SKU-0203,WH-JHR-02,Johor Bahru,Medical Supplies,A,SUP-036,144.32,330.11,23,2.3,6.09,2.03,1316,289,1,1.1,26.99,178,174,156,301,272,7.8,0,2026-08-31
SKU-0204,WH-JHR-02,Johor Bahru,Consumer Electronics,B,SUP-038,114.44,188.7,25,5.2,2.03,1.06,464,174,1,2.9,21.4,62,56,59,195,177,5.1,0,2026-08-31
SKU-0205,WH-JHR-02,Johor Bahru,Consumer Electronics,B,SUP-012,255.81,585.58,20,2.1,0.79,0.36,176,59,1,2.8,47.84,22,26,18,81,74,16.0,0,2026-08-31
SKU-0206,WH-JHR-02,Johor Bahru,Industrial Components,C,SUP-040,42.66,59.16,25,8.2,4.51,1.49,1011,228,2,8.0,7.98,156,145,125,476,431,8.3,0,2026-08-31
SKU-0207,WH-JHR-02,Johor Bahru,Consumer Electronics,A,SUP-026,289.85,499.39,20,5.2,3.26,1.63,776,190,2,2.2,54.2,84,92,77,155,141,9.9,0,2026-08-31
SKU-0208,WH-JHR-02,Johor Bahru,Automotive Parts,A,SUP-003,335.71,476.03,41,10.1,2.54,0.92,617,68,3,3.1,62.78,75,76,114,127,115,4.0,1,2026-08-31
SKU-0209,WH-JHR-02,Johor Bahru,Consumer Electronics,A,SUP-038,237.27,344.44,20,3.0,6.51,3.73,1581,198,4,3.5,44.37,107,190,158,243,220,5.1,0,2026-08-31
SKU-0210,WH-JHR-02,Johor Bahru,Medical Supplies,C,SUP-006,84.74,110.17,18,4.9,2.17,0.55,485,96,0,0.0,15.85,91,58,43,234,212,6.3,0,2026-08-31
SKU-0211,WH-JHR-02,Johor Bahru,Automotive Parts,C,SUP-024,41.47,56.26,38,10.2,1.56,0.65,360,133,1,2.8,7.75,45,48,66,284,257,12.5,0,2026-08-31
SKU-0212,WH-JHR-02,Johor Bahru,Automotive Parts,A,SUP-032,337.13,749.29,41,4.7,5.49,2.69,1202,271,3,2.2,63.04,185,159,253,187,169,10.3,0,2026-08-31
SKU-0213,WH-JHR-02,Johor Bahru,Consumer Electronics,A,SUP-010,83.63,125.9,25,8.0,28.97,17.95,6268,1500,0,0.0,15.64,1165,795,872,862,780,4.8,0,2026-08-31
SKU-0214,WH-JHR-02,Johor Bahru,FMCG Household,C,SUP-011,4.03,7.18,11,2.7,10.79,2.78,2314,609,1,3.5,0.75,352,281,134,2403,2174,9.0,0,2026-08-31
SKU-0215,WH-JHR-02,Johor Bahru,Automotive Parts,C,SUP-020,108.74,177.51,28,8.3,1.58,0.67,353,102,0,0.0,20.33,63,41,50,177,160,7.6,0,2026-08-31
SKU-0216,WH-JHR-02,Johor Bahru,FMCG Household,C,SUP-036,4.64,7.3,12,2.0,10.56,2.69,2444,1089,0,0.0,0.87,237,306,142,2208,1997,12.8,0,2026-08-31
SKU-0217,WH-JHR-02,Johor Bahru,Consumer Electronics,B,SUP-009,215.67,366.46,20,2.6,1.51,1.02,310,104,2,5.7,40.33,70,45,38,123,111,3.6,0,2026-08-31
SKU-0218,WH-JHR-02,Johor Bahru,Consumer Electronics,A,SUP-027,238.53,334.73,18,5.0,3.62,1.76,825,147,1,1.3,44.61,137,100,77,181,163,11.2,0,2026-08-31
SKU-0219,WH-JHR-02,Johor Bahru,Apparel & Textiles,C,SUP-019,35.19,82.98,32,9.6,3.27,2.02,795,206,0,0.0,6.58,105,104,123,447,404,6.2,0,2026-08-31
SKU-0220,WH-JHR-02,Johor Bahru,Industrial Components,C,SUP-005,30.33,62.48,25,4.9,1.52,0.53,368,166,1,1.2,5.67,61,45,42,328,297,6.9,0,2026-08-31
SKU-0221,WH-JHR-02,Johor Bahru,Industrial Components,C,SUP-029,45.01,87.74,24,2.5,1.3,0.4,288,140,1,6.7,8.42,30,41,34,249,225,8.8,0,2026-08-31
SKU-0222,WH-JHR-02,Johor Bahru,Medical Supplies,C,SUP-034,76.6,125.32,20,6.1,0.84,0.22,178,126,1,1.3,14.32,24,25,18,153,139,10.9,0,2026-08-31
SKU-0223,WH-JHR-02,Johor Bahru,Automotive Parts,C,SUP-024,49.37,68.1,31,4.7,0.24,0.09,56,66,0,0.0,9.23,10,7,8,102,92,13.6,0,2026-08-31
SKU-0224,WH-JHR-02,Johor Bahru,Apparel & Textiles,C,SUP-008,68.74,153.25,21,3.9,1.3,0.99,260,94,3,3.8,12.85,24,39,35,202,182,9.0,0,2026-08-31
SKU-0225,WH-JHR-02,Johor Bahru,Industrial Components,C,SUP-007,68.1,103.64,32,8.2,0.72,0.27,174,120,0,0.0,12.73,25,19,26,151,136,14.3,0,2026-08-31
SKU-0226,WH-JHR-02,Johor Bahru,Apparel & Textiles,C,SUP-017,34.28,44.99,29,3.6,2.49,1.9,562,140,2,1.1,6.41,85,78,89,395,357,6.4,0,2026-08-31
SKU-0227,WH-JHR-02,Johor Bahru,Consumer Electronics,A,SUP-021,192.8,293.57,26,3.1,13.41,8.47,3259,639,0,0.0,36.05,585,368,420,386,350,27.5,0,2026-08-31
SKU-0228,WH-JHR-02,Johor Bahru,Medical Supplies,B,SUP-023,81.99,165.97,15,1.6,10.09,2.87,2093,428,0,0.0,15.33,203,328,170,514,465,10.0,0,2026-08-31
SKU-0229,WH-JHR-02,Johor Bahru,Automotive Parts,C,SUP-010,30.53,54.93,35,11.5,0.63,0.34,151,123,0,0.0,5.71,26,18,25,210,190,10.8,0,2026-08-31
SKU-0230,WH-JHR-02,Johor Bahru,Consumer Electronics,B,SUP-021,87.03,170.75,26,4.6,3.21,1.99,729,146,1,4.0,16.27,86,106,100,281,255,5.9,0,2026-08-31
SKU-0231,WH-JHR-02,Johor Bahru,Consumer Electronics,A,SUP-012,368.54,745.59,18,4.8,3.63,2.32,815,99,0,0.0,68.92,100,98,82,145,132,4.1,0,2026-08-31
SKU-0232,WH-JHR-02,Johor Bahru,Industrial Components,C,SUP-028,18.3,26.01,25,8.7,0.84,0.33,178,63,0,0.0,3.42,19,24,24,314,284,32.4,0,2026-08-31
SKU-0233,WH-JHR-02,Johor Bahru,Apparel & Textiles,C,SUP-032,52.21,116.69,19,5.1,2.02,1.36,476,123,1,2.9,9.76,47,63,48,288,261,6.6,0,2026-08-31
SKU-0234,WH-JHR-02,Johor Bahru,Automotive Parts,B,SUP-027,186.64,299.91,35,8.1,2.99,1.25,708,119,3,4.1,34.9,99,99,117,185,168,7.6,0,2026-08-31
SKU-0235,WH-JHR-02,Johor Bahru,Apparel & Textiles,C,SUP-001,36.98,67.24,22,5.1,1.85,1.28,450,109,2,3.4,6.92,43,64,51,328,296,7.9,0,2026-08-31
SKU-0236,WH-JHR-02,Johor Bahru,FMCG Household,C,SUP-040,13.78,17.69,11,2.1,23.87,5.64,5745,1257,0,0.0,2.58,847,719,293,1927,1743,13.6,0,2026-08-31
SKU-0237,WH-JHR-02,Johor Bahru,Medical Supplies,C,SUP-001,143.14,338.88,23,5.7,1.28,0.39,283,141,1,3.0,26.77,34,45,33,139,125,4.2,0,2026-08-31
SKU-0238,WH-JHR-02,Johor Bahru,FMCG Household,C,SUP-040,24.03,35.4,8,2.7,8.04,1.84,1738,539,0,0.0,4.49,182,235,73,848,767,3.7,0,2026-08-31
SKU-0239,WH-JHR-02,Johor Bahru,Consumer Electronics,A,SUP-002,142.63,188.25,24,7.1,29.18,12.87,6180,1193,1,3.0,26.67,791,962,804,663,600,15.7,0,2026-08-31
SKU-0240,WH-JHR-02,Johor Bahru,Consumer Electronics,B,SUP-021,165.93,269.79,19,3.9,3.2,2.15,778,93,1,1.7,31.03,105,88,76,203,184,3.5,0,2026-08-31
SKU-0241,WH-JHR-02,Johor Bahru,FMCG Household,C,SUP-005,9.06,12.35,7,1.3,34.42,10.7,7537,1687,0,0.0,1.69,990,1072,288,2860,2587,15.9,0,2026-08-31
SKU-0242,WH-JHR-02,Johor Bahru,FMCG Household,C,SUP-004,15.0,20.69,11,3.5,5.01,1.48,1217,788,0,0.0,2.8,154,119,63,848,767,20.1,0,2026-08-31
SKU-0243,WH-JHR-02,Johor Bahru,Industrial Components,B,SUP-028,183.35,331.93,29,3.9,3.12,1.04,733,180,0,0.0,34.29,110,84,100,191,173,13.8,0,2026-08-31
SKU-0244,WH-JHR-02,Johor Bahru,Medical Supplies,C,SUP-030,50.35,78.85,23,7.2,2.29,0.73,532,257,3,1.3,9.42,86,72,58,312,283,16.1,0,2026-08-31
SKU-0245,WH-JHR-02,Johor Bahru,Automotive Parts,C,SUP-005,135.84,303.12,35,5.7,0.95,0.51,213,68,2,0.8,25.4,27,25,38,123,111,4.7,0,2026-08-31
SKU-0246,WH-JHR-02,Johor Bahru,FMCG Household,C,SUP-040,26.26,39.48,8,2.2,4.02,1.23,951,369,1,0.5,4.91,95,125,38,573,519,5.8,0,2026-08-31
SKU-0247,WH-JHR-02,Johor Bahru,Automotive Parts,C,SUP-013,45.54,87.82,34,10.3,2.55,1.23,582,276,3,1.3,8.52,79,83,98,347,314,7.4,0,2026-08-31
SKU-0248,WH-JHR-02,Johor Bahru,Industrial Components,C,SUP-013,129.51,210.93,25,5.5,1.12,0.39,251,133,2,5.4,24.22,38,32,31,136,123,19.3,0,2026-08-31
SKU-0249,WH-JHR-02,Johor Bahru,Industrial Components,B,SUP-012,190.2,350.65,36,5.3,4.35,1.45,1030,71,0,0.0,35.57,91,119,171,222,200,11.2,1,2026-08-31
SKU-0250,WH-JHR-02,Johor Bahru,Medical Supplies,B,SUP-019,37.28,66.09,20,6.2,6.17,2.06,1399,104,0,0.0,6.97,153,177,139,596,539,22.9,1,2026-08-31
SKU-0001,WH-PEN-04,Penang,FMCG Household,C,SUP-003,4.39,5.75,10,1.9,8.05,1.83,1833,1071,2,1.9,0.87,226,275,90,1927,1743,5.7,0,2026-08-31
SKU-0002,WH-PEN-04,Penang,Medical Supplies,C,SUP-019,59.14,80.99,24,6.1,0.43,0.14,87,75,2,1.7,11.71,9,11,11,121,110,10.9,0,2026-08-31
SKU-0003,WH-PEN-04,Penang,FMCG Household,C,SUP-025,11.35,25.27,12,2.0,1.88,0.52,438,220,1,3.5,2.25,78,55,26,579,524,11.7,0,2026-08-31
SKU-0004,WH-PEN-04,Penang,Automotive Parts,B,SUP-039,85.36,109.91,41,5.7,4.72,1.93,1084,218,2,3.0,16.9,128,127,214,335,303,8.4,0,2026-08-31
SKU-0005,WH-PEN-04,Penang,Consumer Electronics,C,SUP-022,162.71,228.46,18,4.9,1.09,0.62,234,73,0,0.0,32.22,45,30,24,117,105,19.6,0,2026-08-31
SKU-0006,WH-PEN-04,Penang,Apparel & Textiles,C,SUP-014,72.61,94.45,30,9.5,1.16,0.73,263,71,1,3.3,14.38,32,34,41,180,163,18.0,0,2026-08-31
SKU-0007,WH-PEN-04,Penang,FMCG Household,C,SUP-023,3.37,4.55,13,4.2,27.81,8.21,6265,728,0,0.0,0.67,681,760,410,4082,3693,6.3,0,2026-08-31
SKU-0008,WH-PEN-04,Penang,FMCG Household,A,SUP-008,23.68,42.53,9,2.8,111.03,26.95,26980,6044,3,0.9,4.69,4364,3503,1132,3083,2789,10.5,0,2026-08-31
SKU-0009,WH-PEN-04,Penang,Consumer Electronics,B,SUP-004,366.21,528.43,29,6.7,1.43,0.77,308,45,2,8.3,72.51,43,48,48,89,80,17.8,1,2026-08-31
SKU-0010,WH-PEN-04,Penang,Medical Supplies,C,SUP-028,74.54,129.62,18,5.3,2.54,0.78,590,170,0,0.0,14.76,77,82,51,263,238,10.5,0,2026-08-31
SKU-0011,WH-PEN-04,Penang,Industrial Components,C,SUP-040,55.17,97.21,40,13.3,3.34,0.95,719,255,3,5.3,10.92,74,109,143,350,317,5.9,0,2026-08-31
SKU-0012,WH-PEN-04,Penang,Apparel & Textiles,B,SUP-034,60.27,127.1,29,3.1,12.92,9.72,2864,416,1,5.4,11.93,356,339,461,659,596,7.5,1,2026-08-31
SKU-0013,WH-PEN-04,Penang,Automotive Parts,C,SUP-024,68.3,87.76,28,5.7,0.82,0.42,190,98,3,2.5,13.52,27,24,27,156,141,9.7,0,2026-08-31
SKU-0014,WH-PEN-04,Penang,FMCG Household,C,SUP-002,12.12,25.64,10,1.5,7.46,2.57,1685,450,2,0.5,2.4,164,233,88,1117,1010,7.2,0,2026-08-31
SKU-0015,WH-PEN-04,Penang,Medical Supplies,A,SUP-040,173.02,310.56,15,5.2,6.19,1.66,1413,216,2,2.6,34.26,167,200,103,269,244,14.3,0,2026-08-31
SKU-0016,WH-PEN-04,Penang,Industrial Components,B,SUP-018,258.9,358.88,30,10.0,2.2,0.69,511,113,0,0.0,51.26,61,76,72,131,119,17.7,0,2026-08-31
SKU-0017,WH-PEN-04,Penang,Medical Supplies,B,SUP-012,141.71,282.44,23,6.9,1.79,0.5,398,140,1,6.1,28.06,56,59,45,160,145,8.9,0,2026-08-31
SKU-0018,WH-PEN-04,Penang,Consumer Electronics,B,SUP-036,161.61,342.38,20,3.5,4.71,3.11,1126,284,2,2.8,32.0,190,153,117,243,220,10.2,0,2026-08-31
SKU-0019,WH-PEN-04,Penang,FMCG Household,C,SUP-030,20.19,29.33,13,4.4,1.34,0.37,301,99,0,0.0,4.0,38,50,20,367,332,7.0,0,2026-08-31
SKU-0020,WH-PEN-04,Penang,Automotive Parts,B,SUP-030,255.73,569.26,28,3.0,1.59,0.67,361,69,3,2.7,50.63,41,48,50,112,102,15.3,0,2026-08-31
SKU-0021,WH-PEN-04,Penang,FMCG Household,C,SUP-012,12.7,20.6,11,1.6,4.84,1.54,1127,745,0,0.0,2.51,232,141,62,880,796,11.3,0,2026-08-31
SKU-0022,WH-PEN-04,Penang,Industrial Components,B,SUP-040,173.1,307.59,39,9.9,2.75,0.79,636,83,5,1.2,34.27,76,84,115,179,162,13.3,1,2026-08-31
SKU-0023,WH-PEN-04,Penang,Apparel & Textiles,C,SUP-019,8.93,20.99,29,8.6,1.35,0.99,319,214,3,1.5,1.77,40,37,48,553,501,33.9,0,2026-08-31
SKU-0024,WH-PEN-04,Penang,FMCG Household,C,SUP-022,8.23,12.66,12,3.9,15.12,4.24,3512,1026,1,0.9,1.63,427,456,206,1930,1746,7.0,0,2026-08-31
SKU-0025,WH-PEN-04,Penang,FMCG Household,B,SUP-031,16.13,33.1,13,2.3,9.92,3.0,2322,1178,0,0.0,3.19,285,251,147,1117,1011,10.8,0,2026-08-31
SKU-0026,WH-PEN-04,Penang,Consumer Electronics,B,SUP-027,106.41,159.92,25,4.9,3.91,2.43,878,322,0,0.0,21.07,122,112,118,273,247,8.4,0,2026-08-31
SKU-0027,WH-PEN-04,Penang,Medical Supplies,C,SUP-007,39.87,80.99,22,4.7,5.41,1.54,1166,269,1,0.5,7.89,198,161,131,525,475,12.7,0,2026-08-31
SKU-0028,WH-PEN-04,Penang,Consumer Electronics,A,SUP-013,358.61,636.13,18,1.9,3.29,1.97,694,201,2,5.0,71.0,109,107,73,136,123,12.9,0,2026-08-31
SKU-0029,WH-PEN-04,Penang,Consumer Electronics,A,SUP-015,415.92,592.38,23,7.3,3.15,1.79,656,81,1,6.6,82.35,119,104,87,124,112,19.2,1,2026-08-31
SKU-0030,WH-PEN-04,Penang,Automotive Parts,C,SUP-038,207.91,329.52,32,5.9,1.02,0.39,248,110,0,0.0,41.17,38,28,36,100,90,16.5,0,2026-08-31
SKU-0031,WH-PEN-04,Penang,FMCG Household,C,SUP-029,23.98,36.02,12,1.8,12.21,4.09,2461,690,0,0.0,4.75,390,435,170,1016,919,20.7,0,2026-08-31
SKU-0032,WH-PEN-04,Penang,Apparel & Textiles,C,SUP-015,94.16,125.23,30,6.1,1.52,1.21,369,135,1,5.1,18.64,50,46,57,181,164,17.2,0,2026-08-31
SKU-0033,WH-PEN-04,Penang,Industrial Components,B,SUP-030,52.27,67.95,34,9.4,11.79,5.01,2575,629,0,0.0,10.35,447,361,449,676,612,18.8,0,2026-08-31
SKU-0034,WH-PEN-04,Penang,Industrial Components,B,SUP-030,126.48,193.02,39,12.4,5.31,2.09,1289,217,2,8.4,25.04,124,136,229,292,264,1.9,1,2026-08-31
SKU-0035,WH-PEN-04,Penang,Medical Supplies,B,SUP-016,77.95,100.82,15,2.3,3.11,0.85,627,249,1,2.4,15.43,146,88,52,284,257,14.6,0,2026-08-31
SKU-0036,WH-PEN-04,Penang,Consumer Electronics,C,SUP-017,75.02,104.13,29,4.2,2.28,1.25,514,183,3,6.2,14.85,62,75,77,248,225,27.4,0,2026-08-31
SKU-0037,WH-PEN-04,Penang,Consumer Electronics,B,SUP-036,328.25,632.55,19,6.4,1.01,0.54,245,53,0,0.0,64.99,29,31,23,79,71,3.6,0,2026-08-31
SKU-0038,WH-PEN-04,Penang,Medical Supplies,B,SUP-023,84.87,161.63,18,4.3,8.08,1.98,1916,457,1,0.5,16.8,183,245,159,439,397,13.6,0,2026-08-31
SKU-0039,WH-PEN-04,Penang,Industrial Components,B,SUP-006,131.58,255.94,34,6.5,1.81,0.62,406,142,1,1.2,26.05,41,55,67,167,151,9.5,0,2026-08-31
SKU-0040,WH-PEN-04,Penang,Automotive Parts,C,SUP-029,78.22,117.48,33,4.9,2.76,1.19,565,250,1,4.2,15.49,102,72,102,267,242,10.8,0,2026-08-31
SKU-0041,WH-PEN-04,Penang,Medical Supplies,C,SUP-024,42.4,92.26,21,7.3,0.72,0.17,153,113,1,3.8,8.4,33,21,16,186,168,26.6,0,2026-08-31
SKU-0042,WH-PEN-04,Penang,FMCG Household,B,SUP-021,25.68,45.35,12,3.4,11.77,3.89,2860,427,1,1.3,5.08,316,398,163,964,872,7.4,0,2026-08-31
SKU-0043,WH-PEN-04,Penang,Automotive Parts,C,SUP-030,44.29,60.29,42,6.5,2.83,1.1,634,341,4,24.3,8.77,93,93,131,360,326,4.7,0,2026-08-31
SKU-0044,WH-PEN-04,Penang,Industrial Components,C,SUP-037,74.35,102.09,26,3.2,0.93,0.33,212,91,1,2.1,14.72,30,28,27,159,144,7.0,0,2026-08-31
SKU-0045,WH-PEN-04,Penang,FMCG Household,C,SUP-014,10.3,19.42,8,1.2,3.8,1.23,881,360,2,1.6,2.04,141,130,36,865,782,11.8,0,2026-08-31
SKU-0046,WH-PEN-04,Penang,FMCG Household,C,SUP-017,15.25,21.25,8,1.3,12.74,3.82,2708,820,1,2.5,3.02,576,339,120,1301,1177,15.0,0,2026-08-31
SKU-0047,WH-PEN-04,Penang,Industrial Components,B,SUP-008,159.92,267.7,31,4.0,1.54,0.47,359,56,2,2.0,31.66,63,42,52,140,126,11.0,0,2026-08-31
SKU-0048,WH-PEN-04,Penang,Industrial Components,B,SUP-026,137.38,324.81,25,3.9,1.18,0.45,264,97,1,1.4,27.2,34,41,33,132,119,14.8,0,2026-08-31
SKU-0049,WH-PEN-04,Penang,Automotive Parts,C,SUP-017,56.92,73.11,33,4.3,1.14,0.59,264,97,3,3.7,11.27,39,36,43,202,182,23.9,0,2026-08-31
SKU-0050,WH-PEN-04,Penang,Consumer Electronics,B,SUP-014,136.38,176.19,28,5.4,2.22,1.45,492,106,1,2.1,27.0,77,65,75,182,164,10.2,0,2026-08-31
SKU-0051,WH-PEN-04,Penang,Consumer Electronics,A,SUP-028,361.35,855.29,29,6.4,5.25,2.72,1099,204,1,2.6,71.55,160,157,176,172,155,7.0,0,2026-08-31
SKU-0052,WH-PEN-04,Penang,Consumer Electronics,A,SUP-017,284.1,498.83,28,6.0,14.49,6.5,3235,463,3,4.0,56.25,339,403,462,322,291,14.2,0,2026-08-31
SKU-0053,WH-PEN-04,Penang,FMCG Household,C,SUP-019,19.23,26.19,7,2.2,1.1,0.33,260,225,1,0.7,3.81,28,34,9,340,308,19.5,0,2026-08-31
SKU-0054,WH-PEN-04,Penang,Automotive Parts,B,SUP-018,244.47,534.98,37,6.0,0.87,0.35,203,72,1,5.4,48.41,33,27,36,85,77,9.1,0,2026-08-31
SKU-0055,WH-PEN-04,Penang,Automotive Parts,B,SUP-011,274.13,591.99,30,9.7,1.14,0.59,261,101,0,0.0,54.28,44,34,40,92,83,2.9,0,2026-08-31
SKU-0056,WH-PEN-04,Penang,FMCG Household,C,SUP-006,4.45,7.58,9,2.9,8.07,2.5,1931,1054,0,0.0,0.88,236,217,85,1919,1736,17.9,0,2026-08-31
SKU-0057,WH-PEN-04,Penang,Medical Supplies,C,SUP-034,73.59,132.32,18,6.1,1.5,0.52,339,77,2,3.8,14.57,48,46,31,203,184,13.3,0,2026-08-31
SKU-0058,WH-PEN-04,Penang,Automotive Parts,C,SUP-004,202.65,297.29,45,6.5,0.44,0.24,101,23,5,21.7,40.12,17,13,22,66,60,9.2,0,2026-08-31
SKU-0059,WH-PEN-04,Penang,Consumer Electronics,B,SUP-013,171.92,225.67,25,4.0,6.23,3.64,1387,259,5,1.9,34.04,121,170,186,271,245,6.4,0,2026-08-31
SKU-0060,WH-PEN-04,Penang,Consumer Electronics,A,SUP-027,361.68,639.06,21,5.4,21.69,14.4,5207,640,0,0.0,71.61,600,725,564,349,315,20.5,0,2026-08-31
SKU-0061,WH-PEN-04,Penang,Automotive Parts,C,SUP-006,184.42,273.67,39,5.3,0.46,0.23,107,33,2,1.9,36.52,20,16,20,71,64,10.6,0,2026-08-31
SKU-0062,WH-PEN-04,Penang,Medical Supplies,A,SUP-027,141.13,260.82,24,2.9,4.83,1.28,1071,371,0,0.0,27.94,157,170,126,263,238,16.6,0,2026-08-31
SKU-0063,WH-PEN-04,Penang,Automotive Parts,B,SUP-030,302.64,631.88,28,3.3,0.71,0.37,149,60,2,4.7,59.92,16,23,23,69,62,15.2,0,2026-08-31
SKU-0064,WH-PEN-04,Penang,FMCG Household,C,SUP-027,15.62,20.19,12,3.0,6.39,1.99,1545,631,1,0.5,3.09,200,187,88,911,824,5.7,0,2026-08-31
SKU-0065,WH-PEN-04,Penang,Automotive Parts,C,SUP-013,321.06,567.7,31,9.3,0.74,0.41,162,55,0,0.0,63.57,28,22,27,68,62,8.4,0,2026-08-31
SKU-0066,WH-PEN-04,Penang,Medical Supplies,C,SUP-001,110.64,158.8,16,2.6,1.92,0.52,440,78,1,4.3,21.91,32,60,34,188,170,13.7,0,2026-08-31
SKU-0067,WH-PEN-04,Penang,Medical Supplies,A,SUP-036,154.85,332.72,23,7.7,5.09,1.45,1237,261,0,0.0,30.66,162,147,129,258,234,6.3,0,2026-08-31
SKU-0068,WH-PEN-04,Penang,Industrial Components,B,SUP-014,100.42,145.82,23,6.9,3.48,1.42,829,180,0,0.0,19.88,98,117,91,265,240,15.3,0,2026-08-31
SKU-0069,WH-PEN-04,Penang,Consumer Electronics,A,SUP-033,232.06,414.3,27,3.2,12.56,5.72,3052,371,5,2.2,45.95,248,308,388,331,300,3.3,1,2026-08-31
SKU-0070,WH-PEN-04,Penang,Medical Supplies,A,SUP-008,101.28,174.4,15,3.0,8.52,2.77,1890,237,1,4.3,20.05,265,249,145,413,374,4.8,0,2026-08-31
SKU-0071,WH-PEN-04,Penang,Consumer Electronics,B,SUP-007,84.37,132.37,25,2.9,3.23,1.85,780,259,2,3.6,16.71,96,104,96,279,252,5.4,0,2026-08-31
SKU-0072,WH-PEN-04,Penang,Industrial Components,A,SUP-032,114.45,213.5,34,11.2,8.24,2.53,1885,363,4,4.2,22.66,251,228,304,382,346,5.1,0,2026-08-31
SKU-0073,WH-PEN-04,Penang,FMCG Household,B,SUP-038,25.93,49.99,12,3.4,9.45,2.31,2201,523,0,0.0,5.13,267,277,127,860,778,17.7,0,2026-08-31
SKU-0074,WH-PEN-04,Penang,Industrial Components,B,SUP-035,170.66,296.33,37,10.1,5.04,2.05,1225,273,2,6.0,33.79,120,159,207,245,221,9.6,0,2026-08-31
SKU-0075,WH-PEN-04,Penang,Consumer Electronics,B,SUP-031,111.56,220.05,26,7.0,3.68,1.63,828,284,2,1.4,22.09,77,125,109,259,234,7.9,0,2026-08-31
SKU-0076,WH-PEN-04,Penang,Industrial Components,B,SUP-010,100.0,234.76,30,5.1,1.14,0.45,261,89,3,8.6,19.8,30,30,38,152,138,10.8,0,2026-08-31
SKU-0077,WH-PEN-04,Penang,Industrial Components,C,SUP-037,64.37,102.33,26,8.7,1.29,0.51,281,81,1,1.3,12.75,47,34,38,202,182,24.4,0,2026-08-31
SKU-0078,WH-PEN-04,Penang,Automotive Parts,C,SUP-027,37.94,63.79,39,12.9,4.07,2.0,974,339,3,5.7,7.51,131,112,179,466,422,6.0,0,2026-08-31
SKU-0079,WH-PEN-04,Penang,Medical Supplies,C,SUP-007,167.81,216.39,19,5.4,1.27,0.38,281,88,0,0.0,33.23,38,33,27,124,112,7.0,0,2026-08-31
SKU-0080,WH-PEN-04,Penang,FMCG Household,B,SUP-006,14.21,28.8,8,1.7,19.39,4.41,4670,1063,1,2.0,2.81,460,505,176,1664,1506,4.9,0,2026-08-31
SKU-0081,WH-PEN-04,Penang,Automotive Parts,C,SUP-035,128.41,216.65,45,5.0,1.51,0.79,315,37,3,1.7,25.43,42,41,77,154,140,16.1,1,2026-08-31
SKU-0082,WH-PEN-04,Penang,Industrial Components,B,SUP-012,162.83,257.18,28,3.0,3.75,1.12,882,227,0,0.0,32.24,133,125,115,216,195,7.2,0,2026-08-31
SKU-0083,WH-PEN-04,Penang,FMCG Household,C,SUP-031,3.18,4.26,7,0.9,12.17,3.16,2685,1281,0,0.0,0.63,413,355,99,2785,2519,4.9,0,2026-08-31
SKU-0084,WH-PEN-04,Penang,Consumer Electronics,A,SUP-006,149.26,324.67,29,7.2,16.04,10.82,3806,790,3,11.1,29.55,440,483,561,467,422,13.3,0,2026-08-31
SKU-0085,WH-PEN-04,Penang,Consumer Electronics,A,SUP-012,308.64,483.92,25,7.5,7.37,3.79,1682,138,4,0.8,61.11,122,202,215,220,199,15.2,1,2026-08-31
SKU-0086,WH-PEN-04,Penang,Consumer Electronics,B,SUP-012,282.66,529.06,27,9.1,1.46,0.73,324,85,0,0.0,55.97,38,46,46,102,93,6.1,0,2026-08-31
SKU-0087,WH-PEN-04,Penang,FMCG Household,C,SUP-012,27.55,37.94,8,1.2,7.5,2.6,1678,367,0,0.0,5.45,206,263,72,743,672,9.6,0,2026-08-31
SKU-0088,WH-PEN-04,Penang,Medical Supplies,C,SUP-027,116.22,267.89,18,3.0,0.93,0.23,203,57,1,1.2,23.01,23,26,18,127,115,6.0,0,2026-08-31
SKU-0089,WH-PEN-04,Penang,Consumer Electronics,B,SUP-037,224.06,313.04,26,3.0,3.55,1.7,847,146,0,0.0,44.36,99,123,107,179,162,11.1,0,2026-08-31
SKU-0090,WH-PEN-04,Penang,Medical Supplies,A,SUP-037,139.92,197.58,17,5.9,12.86,3.85,2774,416,0,0.0,27.7,463,398,245,432,391,5.5,0,2026-08-31
SKU-0091,WH-PEN-04,Penang,Consumer Electronics,A,SUP-030,383.75,815.16,26,7.7,5.35,3.4,1205,236,1,2.5,75.98,162,161,168,168,152,10.7,0,2026-08-31
SKU-0092,WH-PEN-04,Penang,Automotive Parts,B,SUP-009,260.62,577.27,31,6.8,1.05,0.57,244,32,1,11.0,51.6,39,33,38,90,82,16.0,1,2026-08-31
SKU-0093,WH-PEN-04,Penang,Medical Supplies,C,SUP-039,173.82,247.03,16,3.9,1.1,0.38,267,53,0,0.0,34.42,23,34,20,113,102,3.1,0,2026-08-31
SKU-0094,WH-PEN-04,Penang,Industrial Components,B,SUP-022,207.25,339.27,23,5.5,1.94,0.84,443,100,0,0.0,41.04,55,68,51,138,125,16.4,0,2026-08-31
SKU-0095,WH-PEN-04,Penang,Industrial Components,C,SUP-022,227.77,441.46,28,4.6,0.65,0.18,147,20,1,3.5,45.1,12,20,20,76,69,15.8,1,2026-08-31
SKU-0096,WH-PEN-04,Penang,Automotive Parts,C,SUP-029,66.51,143.41,31,4.5,1.09,0.53,253,75,2,7.6,13.17,30,34,39,182,165,14.1,0,2026-08-31
SKU-0097,WH-PEN-04,Penang,Industrial Components,B,SUP-031,195.24,303.38,36,6.3,1.91,0.57,388,81,3,4.9,38.66,45,55,74,141,127,19.2,0,2026-08-31
SKU-0098,WH-PEN-04,Penang,Consumer Electronics,A,SUP-039,210.03,353.66,25,4.0,8.95,5.95,1914,359,2,12.8,41.59,350,289,273,294,266,6.2,0,2026-08-31
SKU-0099,WH-PEN-04,Penang,Consumer Electronics,A,SUP-024,252.41,492.04,20,4.8,7.57,5.08,1695,363,0,0.0,49.98,252,208,189,247,223,6.9,0,2026-08-31
SKU-0100,WH-PEN-04,Penang,Apparel & Textiles,C,SUP-025,64.91,125.6,28,5.0,0.49,0.32,108,58,3,3.2,12.85,18,15,17,124,112,13.3,0,2026-08-31
SKU-0101,WH-PEN-04,Penang,Apparel & Textiles,B,SUP-030,92.37,185.43,23,6.5,2.16,1.77,451,139,3,5.1,18.29,60,82,64,218,197,5.4,0,2026-08-31
SKU-0102,WH-PEN-04,Penang,Automotive Parts,B,SUP-011,345.06,600.29,35,8.5,1.09,0.53,260,32,6,7.0,68.32,26,25,43,80,72,25.3,1,2026-08-31
SKU-0103,WH-PEN-04,Penang,Industrial Components,C,SUP-013,87.75,118.21,38,8.9,3.7,1.09,857,206,3,19.4,17.37,88,113,152,292,265,2.7,0,2026-08-31
SKU-0104,WH-PEN-04,Penang,Apparel & Textiles,A,SUP-026,71.84,158.04,30,10.1,12.6,9.45,2900,451,4,2.3,14.22,408,387,463,596,540,6.5,1,2026-08-31
SKU-0105,WH-PEN-04,Penang,FMCG Household,C,SUP-003,21.75,46.44,11,2.0,1.07,0.37,235,131,1,0.5,4.31,46,31,14,316,286,10.7,0,2026-08-31
SKU-0106,WH-PEN-04,Penang,Automotive Parts,C,SUP-013,140.88,285.94,32,8.3,0.73,0.31,167,71,1,9.4,27.89,24,21,26,103,93,13.1,0,2026-08-31
SKU-0107,WH-PEN-04,Penang,Medical Supplies,C,SUP-029,32.81,44.1,15,1.5,4.85,1.16,1138,304,0,0.0,6.5,136,147,80,547,495,4.2,0,2026-08-31
SKU-0108,WH-PEN-04,Penang,Industrial Components,C,SUP-040,27.91,39.51,36,10.2,0.56,0.24,126,135,5,10.6,5.53,16,16,23,202,182,12.7,0,2026-08-31
SKU-0109,WH-PEN-04,Penang,Consumer Electronics,A,SUP-021,336.5,656.84,25,5.6,14.59,7.91,3411,500,2,4.8,66.63,443,446,430,297,268,3.0,0,2026-08-31
SKU-0110,WH-PEN-04,Penang,Apparel & Textiles,C,SUP-016,50.6,65.57,29,4.4,4.36,3.03,954,279,0,0.0,10.02,192,125,153,418,378,18.0,0,2026-08-31
SKU-0111,WH-PEN-04,Penang,Medical Supplies,A,SUP-018,177.57,415.39,24,2.4,3.71,1.25,852,114,1,4.8,35.16,144,132,99,206,186,15.9,0,2026-08-31
SKU-0112,WH-PEN-04,Penang,Consumer Electronics,B,SUP-028,219.37,340.52,22,6.1,3.13,1.85,758,114,1,1.7,43.44,101,92,83,170,154,6.1,0,2026-08-31
SKU-0113,WH-PEN-04,Penang,Industrial Components,A,SUP-022,254.66,488.75,37,9.8,2.23,0.73,542,136,2,4.2,50.42,70,70,90,133,121,14.4,0,2026-08-31
SKU-0114,WH-PEN-04,Penang,Automotive Parts,B,SUP-001,161.7,351.16,37,9.9,4.64,1.76,1128,225,1,4.9,32.02,151,131,189,241,218,17.5,0,2026-08-31
SKU-0115,WH-PEN-04,Penang,Consumer Electronics,A,SUP-022,342.63,537.09,20,4.2,2.83,1.82,656,95,2,1.0,67.84,96,92,70,129,117,2.9,0,2026-08-31
SKU-0116,WH-PEN-04,Penang,FMCG Household,C,SUP-017,5.12,7.7,8,2.1,5.84,1.66,1336,963,2,0.6,1.01,163,187,54,1524,1378,8.1,0,2026-08-31
SKU-0117,WH-PEN-04,Penang,FMCG Household,C,SUP-029,16.89,30.11,11,2.7,6.45,1.99,1438,441,2,2.8,3.34,161,201,82,881,796,3.2,0,2026-08-31
SKU-0118,WH-PEN-04,Penang,Automotive Parts,C,SUP-036,286.66,502.17,32,5.1,0.5,0.27,103,38,1,8.2,56.76,19,14,19,59,54,16.0,0,2026-08-31
SKU-0119,WH-PEN-04,Penang,Medical Supplies,B,SUP-039,167.35,264.5,21,4.8,2.43,0.59,515,77,1,0.6,33.14,75,68,55,172,155,26.9,0,2026-08-31
SKU-0120,WH-PEN-04,Penang,Automotive Parts,B,SUP-025,293.23,520.5,40,9.1,1.39,0.74,315,52,1,7.0,58.06,51,48,63,98,89,16.3,1,2026-08-31
SKU-0121,WH-PEN-04,Penang,Automotive Parts,C,SUP-015,41.83,94.37,35,10.7,2.61,1.34,593,283,1,9.7,8.28,108,73,104,356,322,4.7,0,2026-08-31
SKU-0122,WH-PEN-04,Penang,Automotive Parts,B,SUP-018,149.26,244.03,37,7.7,3.33,1.84,809,257,3,6.0,29.55,113,106,142,213,192,14.2,0,2026-08-31
SKU-0123,WH-PEN-04,Penang,Consumer Electronics,C,SUP-008,63.26,89.2,25,5.2,1.65,0.82,401,135,0,0.0,12.53,54,45,48,230,208,13.7,0,2026-08-31
SKU-0124,WH-PEN-04,Penang,Industrial Components,C,SUP-038,44.45,69.0,31,10.7,1.4,0.46,308,120,1,0.9,8.8,67,46,48,253,229,7.6,0,2026-08-31
SKU-0125,WH-PEN-04,Penang,Consumer Electronics,A,SUP-034,298.24,467.37,28,9.1,17.66,10.66,4209,523,1,9.7,59.05,565,497,587,347,313,6.5,1,2026-08-31
SKU-0126,WH-PEN-04,Penang,Medical Supplies,C,SUP-035,131.83,179.9,15,2.4,1.04,0.38,232,81,2,0.8,26.1,24,28,18,126,114,7.3,0,2026-08-31
SKU-0127,WH-PEN-04,Penang,Industrial Components,C,SUP-014,205.24,284.52,40,13.1,0.76,0.33,180,64,8,4.3,40.64,22,21,34,87,78,17.4,0,2026-08-31
SKU-0128,WH-PEN-04,Penang,Consumer Electronics,A,SUP-013,369.55,692.61,18,2.4,2.99,1.62,712,150,0,0.0,73.17,122,85,65,128,116,4.6,0,2026-08-31
SKU-0129,WH-PEN-04,Penang,Consumer Electronics,A,SUP-035,322.29,489.96,20,6.3,6.01,3.45,1460,162,1,8.6,63.81,133,187,146,194,176,20.4,0,2026-08-31
SKU-0130,WH-PEN-04,Penang,Automotive Parts,B,SUP-022,286.28,656.25,40,5.8,1.52,0.6,338,32,2,4.6,56.68,39,46,67,104,94,18.5,1,2026-08-31
SKU-0131,WH-PEN-04,Penang,Consumer Electronics,B,SUP-029,63.36,91.52,18,3.7,8.1,4.96,1950,377,0,0.0,12.55,307,219,180,509,460,17.1,0,2026-08-31
SKU-0132,WH-PEN-04,Penang,Apparel & Textiles,C,SUP-020,28.4,38.15,24,8.3,3.39,2.79,697,253,1,4.0,5.62,98,101,104,492,445,13.8,0,2026-08-31
SKU-0133,WH-PEN-04,Penang,Automotive Parts,B,SUP-018,229.01,450.15,29,3.6,3.68,1.92,894,121,5,4.4,45.34,110,99,124,181,163,10.0,1,2026-08-31
SKU-0134,WH-PEN-04,Penang,Industrial Components,A,SUP-026,225.67,487.59,35,10.8,1.95,0.65,445,106,1,2.1,44.68,73,62,75,132,120,23.0,0,2026-08-31
SKU-0135,WH-PEN-04,Penang,Automotive Parts,B,SUP-033,31.44,46.24,38,8.5,11.05,6.13,2524,982,7,4.2,6.23,286,356,482,844,763,15.4,0,2026-08-31
SKU-0136,WH-PEN-04,Penang,Consumer Electronics,B,SUP-014,237.99,336.5,18,2.3,2.87,1.35,585,64,0,0.0,47.12,60,86,61,156,141,18.7,0,2026-08-31
SKU-0137,WH-PEN-04,Penang,Apparel & Textiles,C,SUP-033,66.92,93.84,26,8.8,0.63,0.45,141,83,2,5.8,13.25,14,19,20,138,125,10.8,0,2026-08-31
SKU-0138,WH-PEN-04,Penang,Medical Supplies,C,SUP-010,16.97,28.66,16,3.8,14.0,4.41,3402,855,0,0.0,3.36,482,486,253,1293,1170,12.2,0,2026-08-31
SKU-0139,WH-PEN-04,Penang,FMCG Household,C,SUP-017,13.03,21.31,13,4.2,2.94,0.86,656,533,0,0.0,2.58,95,87,43,676,612,17.3,0,2026-08-31
SKU-0140,WH-PEN-04,Penang,Consumer Electronics,A,SUP-037,380.86,554.7,19,6.0,5.86,3.68,1389,227,1,7.2,75.41,153,161,138,177,160,17.0,0,2026-08-31
SKU-0141,WH-PEN-04,Penang,Medical Supplies,A,SUP-039,124.83,163.45,20,2.1,8.47,2.73,1938,120,0,0.0,24.72,194,267,189,371,335,18.6,1,2026-08-31
SKU-0142,WH-PEN-04,Penang,Medical Supplies,C,SUP-037,51.93,85.6,19,3.2,0.63,0.16,152,133,0,0.0,10.28,18,17,13,157,142,18.2,0,2026-08-31
SKU-0143,WH-PEN-04,Penang,Apparel & Textiles,C,SUP-013,82.19,189.1,28,5.2,1.02,0.63,235,120,0,0.0,16.27,39,30,34,159,144,9.6,0,2026-08-31
SKU-0144,WH-PEN-04,Penang,Automotive Parts,C,SUP-034,141.37,259.35,45,10.5,0.43,0.2,93,66,6,10.8,27.99,11,12,22,79,71,4.4,0,2026-08-31
SKU-0145,WH-PEN-04,Penang,Medical Supplies,C,SUP-038,155.36,258.24,18,2.1,1.26,0.42,289,72,0,0.0,30.76,33,35,26,128,116,7.2,0,2026-08-31
SKU-0146,WH-PEN-04,Penang,Industrial Components,C,SUP-040,90.34,122.06,36,7.1,2.34,0.84,569,106,4,4.2,17.89,53,69,93,229,207,9.0,0,2026-08-31
SKU-0147,WH-PEN-04,Penang,Industrial Components,B,SUP-001,160.86,233.43,31,9.4,2.0,0.67,469,205,0,0.0,31.85,56,65,68,159,144,4.8,0,2026-08-31
SKU-0148,WH-PEN-04,Penang,Medical Supplies,B,SUP-030,78.69,116.77,21,3.0,4.14,1.02,940,245,0,0.0,15.58,136,137,95,327,295,18.3,0,2026-08-31
SKU-0149,WH-PEN-04,Penang,Medical Supplies,C,SUP-040,58.17,115.26,18,5.0,1.28,0.44,311,264,1,3.5,11.52,57,42,26,211,191,17.8,0,2026-08-31
SKU-0150,WH-PEN-04,Penang,Consumer Electronics,B,SUP-031,377.46,812.82,20,4.3,0.51,0.29,124,25,0,0.0,74.74,16,16,12,52,47,4.5,0,2026-08-31
SKU-0151,WH-PEN-04,Penang,FMCG Household,C,SUP-010,7.69,16.89,8,0.9,10.9,3.18,2598,1413,0,0.0,1.52,330,319,102,1697,1535,8.5,0,2026-08-31
SKU-0152,WH-PEN-04,Penang,FMCG Household,C,SUP-031,5.12,12.03,8,1.2,3.41,0.97,792,736,0,0.0,1.01,124,81,32,1164,1053,16.3,0,2026-08-31
SKU-0153,WH-PEN-04,Penang,Consumer Electronics,A,SUP-005,173.22,406.29,30,4.1,7.38,3.73,1751,281,1,7.3,34.3,260,229,255,294,266,23.4,0,2026-08-31
SKU-0154,WH-PEN-04,Penang,Medical Supplies,A,SUP-020,132.56,303.4,22,5.6,7.59,2.1,1804,205,1,7.4,26.25,203,181,183,341,308,6.4,0,2026-08-31
SKU-0155,WH-PEN-04,Penang,Consumer Electronics,A,SUP-026,347.79,461.17,20,2.4,5.19,2.37,1048,133,1,1.9,68.86,238,129,121,174,157,9.4,0,2026-08-31
SKU-0156,WH-PEN-04,Penang,Automotive Parts,B,SUP-019,349.6,478.65,37,11.3,1.72,0.87,401,89,2,2.1,69.22,52,51,72,100,90,9.9,0,2026-08-31
SKU-0157,WH-PEN-04,Penang,Industrial Components,C,SUP-028,89.72,133.83,35,10.6,1.9,0.61,430,188,2,4.8,17.76,61,58,72,207,187,13.4,0,2026-08-31
SKU-0158,WH-PEN-04,Penang,Automotive Parts,B,SUP-010,160.54,276.34,33,4.0,1.37,0.58,305,97,0,0.0,31.79,47,39,51,132,119,4.3,0,2026-08-31
SKU-0159,WH-PEN-04,Penang,FMCG Household,C,SUP-025,6.42,8.62,10,3.2,4.31,1.5,974,709,0,0.0,1.27,142,147,51,1167,1056,7.3,0,2026-08-31
SKU-0160,WH-PEN-04,Penang,FMCG Household,C,SUP-026,17.37,36.53,11,3.7,8.94,2.44,1873,1011,1,1.1,3.44,364,279,112,1021,924,12.5,0,2026-08-31
SKU-0161,WH-PEN-04,Penang,Consumer Electronics,A,SUP-026,419.09,751.1,20,2.2,4.14,2.34,855,77,0,0.0,82.98,111,121,100,142,128,14.5,1,2026-08-31
SKU-0162,WH-PEN-04,Penang,Apparel & Textiles,B,SUP-012,68.98,117.97,27,9.1,3.57,2.43,868,402,0,0.0,13.66,128,120,117,324,293,13.1,0,2026-08-31
SKU-0163,WH-PEN-04,Penang,Industrial Components,C,SUP-013,162.04,224.9,27,4.6,1.05,0.34,246,121,0,0.0,32.08,33,36,31,115,104,21.0,0,2026-08-31
SKU-0164,WH-PEN-04,Penang,Consumer Electronics,A,SUP-011,192.14,278.94,17,4.5,6.53,2.88,1300,417,0,0.0,38.04,242,205,131,263,237,5.3,0,2026-08-31
SKU-0165,WH-PEN-04,Penang,Medical Supplies,B,SUP-019,165.77,229.51,21,3.0,2.56,0.91,567,94,1,2.7,32.82,75,71,61,177,160,3.1,0,2026-08-31
SKU-0166,WH-PEN-04,Penang,Industrial Components,B,SUP-024,138.25,292.1,35,10.7,1.27,0.45,304,95,7,2.3,27.37,36,36,49,136,123,8.8,0,2026-08-31
SKU-0167,WH-PEN-04,Penang,FMCG Household,C,SUP-015,6.36,11.16,13,4.0,17.84,5.61,4014,1233,0,0.0,1.26,632,466,265,2384,2157,5.7,0,2026-08-31
SKU-0168,WH-PEN-04,Penang,FMCG Household,C,SUP-017,12.13,23.54,8,2.8,0.83,0.29,202,49,1,2.1,2.4,27,25,8,373,337,2.9,0,2026-08-31
SKU-0169,WH-PEN-04,Penang,Industrial Components,C,SUP-012,34.25,50.86,36,12.5,0.68,0.19,164,39,3,9.9,6.78,17,18,26,201,182,14.3,0,2026-08-31
SKU-0170,WH-PEN-04,Penang,Apparel & Textiles,C,SUP-009,25.57,39.56,34,4.0,0.68,0.53,144,76,1,2.8,5.06,27,20,28,232,210,8.7,0,2026-08-31
SKU-0171,WH-PEN-04,Penang,Industrial Components,C,SUP-027,22.28,35.13,34,9.0,0.17,0.05,39,49,0,0.0,4.41,6,5,6,124,113,6.4,0,2026-08-31
SKU-0172,WH-PEN-04,Penang,Medical Supplies,C,SUP-033,88.15,174.07,24,4.0,1.9,0.57,424,117,0,0.0,17.45,57,47,50,209,189,5.6,0,2026-08-31
SKU-0173,WH-PEN-04,Penang,Industrial Components,B,SUP-012,171.56,341.79,40,5.3,4.06,1.68,859,270,3,19.3,33.97,112,108,180,219,198,6.5,0,2026-08-31
SKU-0174,WH-PEN-04,Penang,Apparel & Textiles,C,SUP-035,37.87,53.67,31,4.3,1.9,1.11,400,49,2,6.5,7.5,63,54,69,319,288,5.6,1,2026-08-31
SKU-0175,WH-PEN-04,Penang,Consumer Electronics,A,SUP-023,202.64,459.45,30,10.0,5.92,4.05,1294,352,0,0.0,40.12,207,177,214,243,220,5.3,0,2026-08-31
SKU-0176,WH-PEN-04,Penang,Consumer Electronics,A,SUP-007,404.7,549.44,25,6.8,10.04,5.86,2215,242,1,7.7,80.13,202,288,299,224,203,3.5,1,2026-08-31
SKU-0177,WH-PEN-04,Penang,Medical Supplies,A,SUP-015,138.33,302.43,19,2.1,7.53,2.21,1746,272,0,0.0,27.39,249,220,159,332,301,12.3,0,2026-08-31
SKU-0178,WH-PEN-04,Penang,Apparel & Textiles,C,SUP-001,55.05,74.01,33,11.4,3.39,1.92,817,280,4,5.0,10.9,118,95,130,353,320,5.5,0,2026-08-31
SKU-0179,WH-PEN-04,Penang,FMCG Household,C,SUP-002,10.11,14.76,12,3.6,31.81,9.48,7465,1057,1,5.2,2.0,525,830,436,2527,2286,8.2,0,2026-08-31
SKU-0180,WH-PEN-04,Penang,FMCG Household,B,SUP-014,25.42,53.49,8,1.4,4.95,1.42,1176,306,3,3.5,5.03,158,141,46,629,569,14.8,0,2026-08-31
SKU-0181,WH-PEN-04,Penang,FMCG Household,C,SUP-019,8.88,12.41,9,2.0,4.95,1.24,1115,424,1,0.9,1.76,174,146,51,1063,961,12.7,0,2026-08-31
SKU-0182,WH-PEN-04,Penang,FMCG Household,C,SUP-032,11.13,17.64,9,2.5,5.42,1.55,1278,496,0,0.0,2.2,187,158,56,995,900,7.3,0,2026-08-31
SKU-0183,WH-PEN-04,Penang,Medical Supplies,C,SUP-006,164.72,266.52,23,6.2,0.55,0.13,125,53,2,2.7,32.61,20,17,14,82,74,14.2,0,2026-08-31
SKU-0184,WH-PEN-04,Penang,Industrial Components,C,SUP-034,146.15,211.29,27,5.8,0.89,0.39,199,98,1,4.9,28.94,25,28,27,111,101,20.2,0,2026-08-31
SKU-0185,WH-PEN-04,Penang,FMCG Household,C,SUP-010,21.56,41.12,9,2.1,3.09,0.82,751,192,2,0.5,4.27,73,98,32,539,488,10.3,0,2026-08-31
SKU-0186,WH-PEN-04,Penang,Automotive Parts,B,SUP-006,219.04,462.58,36,4.0,2.98,1.36,596,171,2,13.3,43.37,56,84,121,166,150,12.9,0,2026-08-31
SKU-0187,WH-PEN-04,Penang,Industrial Components,A,SUP-028,176.13,378.65,24,5.4,11.14,4.5,2291,518,1,2.7,34.87,421,287,304,358,324,7.1,0,2026-08-31
SKU-0188,WH-PEN-04,Penang,Consumer Electronics,C,SUP-031,157.27,239.07,30,5.6,1.07,0.66,249,33,0,0.0,31.14,38,36,38,117,106,3.3,1,2026-08-31
SKU-0189,WH-PEN-04,Penang,FMCG Household,C,SUP-025,9.03,15.33,10,1.7,10.12,3.4,2279,881,0,0.0,1.79,388,314,119,1507,1363,5.9,0,2026-08-31
SKU-0190,WH-PEN-04,Penang,Industrial Components,C,SUP-005,96.04,139.07,26,4.4,0.58,0.25,122,87,5,0.5,19.02,15,16,17,111,100,9.4,0,2026-08-31
SKU-0191,WH-PEN-04,Penang,Apparel & Textiles,C,SUP-005,21.52,31.1,24,6.3,3.96,2.45,854,381,0,0.0,4.26,142,122,115,611,553,14.6,0,2026-08-31
SKU-0192,WH-PEN-04,Penang,Industrial Components,B,SUP-016,229.58,318.0,37,7.7,2.11,0.72,458,91,9,11.9,45.46,44,69,85,137,123,3.8,0,2026-08-31
SKU-0193,WH-PEN-04,Penang,Consumer Electronics,C,SUP-019,151.22,342.44,25,5.2,0.62,0.38,148,54,4,1.5,29.94,15,21,19,91,82,21.8,0,2026-08-31
SKU-0194,WH-PEN-04,Penang,FMCG Household,B,SUP-040,17.04,37.02,10,1.4,16.6,3.81,4034,1578,0,0.0,3.37,522,509,186,1406,1272,5.4,0,2026-08-31
SKU-0195,WH-PEN-04,Penang,Consumer Electronics,A,SUP-012,341.99,683.77,22,7.5,2.05,1.27,498,83,1,4.9,67.71,72,67,55,110,100,17.5,0,2026-08-31
SKU-0196,WH-PEN-04,Penang,Consumer Electronics,B,SUP-008,338.93,570.93,29,4.5,3.06,1.35,640,147,1,7.0,67.11,128,82,101,135,122,19.9,0,2026-08-31
SKU-0197,WH-PEN-04,Penang,Automotive Parts,C,SUP-038,170.28,282.21,41,8.3,0.66,0.36,140,67,4,3.5,33.72,19,20,31,89,80,19.4,0,2026-08-31
SKU-0198,WH-PEN-04,Penang,FMCG Household,C,SUP-007,14.91,25.3,11,1.6,4.86,1.53,1025,718,0,0.0,2.95,121,141,62,813,736,8.4,0,2026-08-31
SKU-0199,WH-PEN-04,Penang,Consumer Electronics,A,SUP-002,418.01,712.31,23,6.3,5.05,2.93,1227,133,0,0.0,82.77,124,156,139,157,142,3.7,1,2026-08-31
SKU-0200,WH-PEN-04,Penang,Industrial Components,B,SUP-017,181.25,290.67,40,8.4,1.72,0.6,402,80,4,1.4,35.89,45,59,75,139,125,10.1,0,2026-08-31
SKU-0201,WH-PEN-04,Penang,FMCG Household,C,SUP-017,23.37,31.9,11,2.2,10.81,3.77,2480,989,0,0.0,4.63,489,332,139,968,876,3.2,0,2026-08-31
SKU-0202,WH-PEN-04,Penang,Apparel & Textiles,B,SUP-025,86.52,117.75,26,8.3,4.04,3.2,934,211,2,1.7,17.13,144,111,132,308,278,10.2,0,2026-08-31
SKU-0203,WH-PEN-04,Penang,Medical Supplies,A,SUP-036,144.32,330.11,24,7.0,9.9,3.45,2255,191,2,5.3,28.58,376,263,265,373,337,5.4,1,2026-08-31
SKU-0204,WH-PEN-04,Penang,Consumer Electronics,B,SUP-038,114.44,188.7,29,6.7,3.92,2.53,842,153,3,2.0,22.66,114,135,136,264,238,3.0,0,2026-08-31
SKU-0205,WH-PEN-04,Penang,Consumer Electronics,B,SUP-012,255.81,585.58,27,5.9,0.87,0.39,204,74,3,8.4,50.65,27,27,27,83,75,8.2,0,2026-08-31
SKU-0206,WH-PEN-04,Penang,Industrial Components,C,SUP-040,42.66,59.16,36,12.2,2.76,0.8,624,131,1,3.5,8.45,97,86,107,362,328,15.6,0,2026-08-31
SKU-0207,WH-PEN-04,Penang,Consumer Electronics,A,SUP-026,289.85,499.39,23,7.8,4.21,2.06,900,165,0,0.0,57.39,115,122,113,172,155,19.5,0,2026-08-31
SKU-0208,WH-PEN-04,Penang,Automotive Parts,A,SUP-003,335.71,476.03,36,9.9,2.17,1.07,511,92,3,2.6,66.47,62,67,89,114,104,7.4,0,2026-08-31
SKU-0209,WH-PEN-04,Penang,Consumer Electronics,A,SUP-038,237.27,344.44,20,5.8,7.45,4.43,1663,334,5,3.3,46.98,195,204,182,252,228,3.5,0,2026-08-31
SKU-0210,WH-PEN-04,Penang,Medical Supplies,C,SUP-006,84.74,110.17,20,6.5,2.97,0.84,687,173,0,0.0,16.78,82,92,66,267,241,10.9,0,2026-08-31
SKU-0211,WH-PEN-04,Penang,Automotive Parts,C,SUP-024,41.47,56.26,34,11.6,2.58,1.44,585,181,4,1.8,8.21,80,69,102,355,321,2.2,0,2026-08-31
SKU-0212,WH-PEN-04,Penang,Automotive Parts,A,SUP-032,337.13,749.29,33,4.0,7.74,2.93,1852,204,2,8.0,66.75,195,225,283,216,195,4.1,1,2026-08-31
SKU-0213,WH-PEN-04,Penang,Consumer Electronics,A,SUP-010,83.63,125.9,29,10.1,29.71,18.78,6866,1444,4,2.0,16.56,965,840,1028,849,768,5.7,0,2026-08-31
SKU-0214,WH-PEN-04,Penang,FMCG Household,C,SUP-011,4.03,7.18,8,2.2,9.15,2.6,1992,781,0,0.0,0.8,297,194,85,2143,1938,15.1,0,2026-08-31
SKU-0215,WH-PEN-04,Penang,Automotive Parts,C,SUP-020,108.74,177.51,42,10.4,1.63,0.73,379,35,0,0.0,21.53,48,47,76,174,158,3.5,1,2026-08-31
SKU-0216,WH-PEN-04,Penang,FMCG Household,C,SUP-036,4.64,7.3,9,1.8,15.75,3.58,3665,1278,0,0.0,0.92,396,434,159,2622,2371,23.4,0,2026-08-31
SKU-0217,WH-PEN-04,Penang,Consumer Electronics,B,SUP-009,215.67,366.46,18,3.3,1.06,0.66,249,109,0,0.0,42.7,33,31,24,100,90,5.3,0,2026-08-31
SKU-0218,WH-PEN-04,Penang,Consumer Electronics,A,SUP-027,238.53,334.73,18,5.4,4.06,2.56,978,252,1,3.7,47.23,111,122,91,186,168,1.9,0,2026-08-31
SKU-0219,WH-PEN-04,Penang,Apparel & Textiles,C,SUP-019,35.19,82.98,26,6.9,3.51,2.32,775,197,1,1.9,6.97,108,122,111,450,407,6.2,0,2026-08-31
SKU-0220,WH-PEN-04,Penang,Industrial Components,C,SUP-005,30.33,62.48,31,4.7,1.93,0.7,457,194,0,0.0,6.01,73,59,66,359,325,7.4,0,2026-08-31
SKU-0221,WH-PEN-04,Penang,Industrial Components,C,SUP-029,45.01,87.74,29,7.3,1.12,0.42,232,136,3,3.2,8.91,25,35,36,225,203,8.8,0,2026-08-31
SKU-0222,WH-PEN-04,Penang,Medical Supplies,C,SUP-034,76.6,125.32,21,2.8,0.79,0.23,179,53,1,2.3,15.17,36,25,18,145,131,4.8,0,2026-08-31
SKU-0223,WH-PEN-04,Penang,Automotive Parts,C,SUP-024,49.37,68.1,36,8.1,0.2,0.1,45,27,5,7.0,9.78,6,6,8,91,82,2.4,0,2026-08-31
SKU-0224,WH-PEN-04,Penang,Apparel & Textiles,C,SUP-008,68.74,153.25,21,5.2,1.42,0.99,345,124,0,0.0,13.61,47,44,37,205,185,5.2,0,2026-08-31
SKU-0225,WH-PEN-04,Penang,Industrial Components,C,SUP-007,68.1,103.64,29,7.5,0.74,0.31,168,91,2,4.4,13.48,19,23,24,148,134,5.2,0,2026-08-31
SKU-0226,WH-PEN-04,Penang,Apparel & Textiles,C,SUP-017,34.28,44.99,21,2.9,2.14,1.68,505,231,0,0.0,6.79,82,68,58,356,322,5.6,0,2026-08-31
SKU-0227,WH-PEN-04,Penang,Consumer Electronics,A,SUP-021,192.8,293.57,18,2.2,19.76,9.23,4091,801,1,0.5,38.17,588,463,420,456,412,4.2,0,2026-08-31
SKU-0228,WH-PEN-04,Penang,Medical Supplies,B,SUP-023,81.99,165.97,16,2.6,4.78,1.66,1071,228,2,5.1,16.23,134,170,87,344,311,19.4,0,2026-08-31
SKU-0229,WH-PEN-04,Penang,Automotive Parts,C,SUP-010,30.53,54.93,40,10.1,0.46,0.2,100,52,3,5.1,6.04,12,16,20,175,158,6.0,0,2026-08-31
SKU-0230,WH-PEN-04,Penang,Consumer Electronics,B,SUP-021,87.03,170.75,26,8.7,6.23,4.18,1514,151,2,1.1,17.23,180,191,197,381,345,28.7,1,2026-08-31
SKU-0231,WH-PEN-04,Penang,Consumer Electronics,A,SUP-012,368.54,745.59,28,8.3,1.81,1.07,399,85,1,8.7,72.97,60,47,60,100,90,3.4,0,2026-08-31
SKU-0232,WH-PEN-04,Penang,Industrial Components,C,SUP-028,18.3,26.01,36,10.3,1.85,0.53,424,325,2,4.7,3.62,59,62,72,453,410,10.7,0,2026-08-31
SKU-0233,WH-PEN-04,Penang,Apparel & Textiles,C,SUP-032,52.21,116.69,28,5.1,3.32,2.63,763,146,5,7.8,10.34,101,93,116,359,325,10.3,0,2026-08-31
SKU-0234,WH-PEN-04,Penang,Automotive Parts,B,SUP-027,186.64,299.91,32,4.1,1.51,0.58,316,101,2,17.0,36.95,39,47,54,128,116,15.7,0,2026-08-31
SKU-0235,WH-PEN-04,Penang,Apparel & Textiles,C,SUP-001,36.98,67.24,20,6.5,1.55,1.3,344,200,2,0.7,7.32,40,41,41,292,264,10.3,0,2026-08-31
SKU-0236,WH-PEN-04,Penang,FMCG Household,C,SUP-040,13.78,17.69,11,2.5,11.97,4.11,2793,860,1,0.8,2.73,330,431,154,1327,1200,7.1,0,2026-08-31
SKU-0237,WH-PEN-04,Penang,Medical Supplies,C,SUP-001,143.14,338.88,17,2.1,1.45,0.48,333,146,0,0.0,28.34,49,38,28,143,130,6.3,0,2026-08-31
SKU-0238,WH-PEN-04,Penang,FMCG Household,C,SUP-040,24.03,35.4,9,2.1,7.45,2.17,1494,753,1,1.2,4.76,261,225,78,793,717,9.0,0,2026-08-31
SKU-0239,WH-PEN-04,Penang,Consumer Electronics,A,SUP-002,142.63,188.25,30,8.1,19.83,11.68,4393,798,2,0.5,28.24,711,481,700,531,480,4.6,0,2026-08-31
SKU-0240,WH-PEN-04,Penang,Consumer Electronics,B,SUP-021,165.93,269.79,20,3.6,4.95,2.7,1192,256,3,2.0,32.85,151,148,119,246,222,12.3,0,2026-08-31
SKU-0241,WH-PEN-04,Penang,FMCG Household,C,SUP-005,9.06,12.35,8,0.8,23.95,5.62,5642,2291,1,0.9,1.79,793,691,218,2318,2096,4.8,0,2026-08-31
SKU-0242,WH-PEN-04,Penang,FMCG Household,C,SUP-004,15.0,20.69,13,3.3,8.78,2.99,2134,881,0,0.0,2.97,259,290,132,1089,985,16.4,0,2026-08-31
SKU-0243,WH-PEN-04,Penang,Industrial Components,B,SUP-028,183.35,331.93,28,3.1,1.77,0.59,383,111,3,2.0,36.3,34,51,55,140,127,6.6,0,2026-08-31
SKU-0244,WH-PEN-04,Penang,Medical Supplies,C,SUP-030,50.35,78.85,18,3.7,1.67,0.47,406,195,1,6.8,9.97,49,55,33,259,235,16.6,0,2026-08-31
SKU-0245,WH-PEN-04,Penang,Automotive Parts,C,SUP-005,135.84,303.12,28,8.6,1.04,0.41,237,35,1,0.8,26.9,29,28,33,125,113,14.3,0,2026-08-31
SKU-0246,WH-PEN-04,Penang,FMCG Household,C,SUP-040,26.26,39.48,10,3.5,4.34,1.51,1055,349,0,0.0,5.2,103,127,51,579,524,13.4,0,2026-08-31
SKU-0247,WH-PEN-04,Penang,Automotive Parts,C,SUP-013,45.54,87.82,45,8.7,2.31,1.27,528,186,4,3.9,9.02,62,68,118,321,290,11.0,0,2026-08-31
SKU-0248,WH-PEN-04,Penang,Industrial Components,C,SUP-013,129.51,210.93,35,3.7,0.72,0.24,147,76,3,2.8,25.64,23,23,28,106,96,8.2,0,2026-08-31
SKU-0249,WH-PEN-04,Penang,Industrial Components,B,SUP-012,190.2,350.65,31,6.9,2.43,0.78,580,97,5,10.7,37.66,56,75,82,161,146,10.5,0,2026-08-31
SKU-0250,WH-PEN-04,Penang,Medical Supplies,B,SUP-019,37.28,66.09,17,2.9,8.84,3.08,1972,548,3,1.9,7.38,229,282,171,693,627,22.5,0,2026-08-31
SKU-0001,WH-SIN-01,Singapore Central,FMCG Household,C,SUP-003,4.39,5.75,10,1.5,6.19,1.62,1449,1035,2,1.4,1.3,224,196,70,1383,1251,4.7,0,2026-08-31
SKU-0002,WH-SIN-01,Singapore Central,Medical Supplies,C,SUP-019,59.14,80.99,13,4.1,0.4,0.14,92,34,1,2.4,17.56,16,11,6,96,87,5.2,0,2026-08-31
SKU-0003,WH-SIN-01,Singapore Central,FMCG Household,C,SUP-025,11.35,25.27,9,1.9,2.39,0.55,564,100,0,0.0,3.37,70,86,24,534,483,14.3,0,2026-08-31
SKU-0004,WH-SIN-01,Singapore Central,Automotive Parts,B,SUP-039,85.36,109.91,32,5.0,7.38,4.06,1698,265,6,8.3,25.35,126,231,274,342,309,7.4,1,2026-08-31
SKU-0005,WH-SIN-01,Singapore Central,Consumer Electronics,C,SUP-022,162.71,228.46,14,4.1,1.66,1.07,396,105,0,0.0,48.32,49,53,30,117,106,9.1,0,2026-08-31
SKU-0006,WH-SIN-01,Singapore Central,Apparel & Textiles,C,SUP-014,72.61,94.45,21,5.0,1.31,0.78,301,110,0,0.0,21.57,47,34,33,156,141,8.1,0,2026-08-31
SKU-0007,WH-SIN-01,Singapore Central,FMCG Household,C,SUP-023,3.37,4.55,7,0.7,44.19,10.23,10515,2448,0,0.0,1.0,1069,1228,354,4212,3810,13.5,0,2026-08-31
SKU-0008,WH-SIN-01,Singapore Central,FMCG Household,A,SUP-008,23.68,42.53,7,1.3,78.61,25.88,18788,1921,0,0.0,7.03,2314,2621,663,2119,1917,10.3,0,2026-08-31
SKU-0009,WH-SIN-01,Singapore Central,Consumer Electronics,B,SUP-004,366.21,528.43,18,2.6,1.22,0.58,267,68,0,0.0,108.76,32,38,26,67,61,9.7,0,2026-08-31
SKU-0010,WH-SIN-01,Singapore Central,Medical Supplies,C,SUP-028,74.54,129.62,13,3.4,2.7,0.84,557,156,1,1.9,22.14,109,67,40,221,200,11.5,0,2026-08-31
SKU-0011,WH-SIN-01,Singapore Central,Industrial Components,C,SUP-040,55.17,97.21,28,4.7,3.15,1.34,765,293,2,1.5,16.39,112,103,100,278,251,14.2,0,2026-08-31
SKU-0012,WH-SIN-01,Singapore Central,Apparel & Textiles,B,SUP-034,60.27,127.1,25,2.9,11.01,8.13,2549,454,0,0.0,17.9,384,314,342,497,450,5.3,0,2026-08-31
SKU-0013,WH-SIN-01,Singapore Central,Automotive Parts,C,SUP-024,68.3,87.76,32,3.6,0.81,0.36,168,74,0,0.0,20.29,28,27,29,127,115,15.2,0,2026-08-31
SKU-0014,WH-SIN-01,Singapore Central,FMCG Household,C,SUP-002,12.12,25.64,7,1.7,3.97,1.11,872,250,1,0.5,3.6,121,118,33,665,602,17.5,0,2026-08-31
SKU-0015,WH-SIN-01,Singapore Central,Medical Supplies,A,SUP-040,173.02,310.56,13,1.4,7.83,1.95,1862,168,0,0.0,51.39,250,239,113,247,224,5.1,0,2026-08-31
SKU-0016,WH-SIN-01,Singapore Central,Industrial Components,B,SUP-018,258.9,358.88,21,6.6,1.71,0.74,385,90,1,2.0,76.89,39,57,41,94,85,9.3,0,2026-08-31
SKU-0017,WH-SIN-01,Singapore Central,Medical Supplies,B,SUP-012,141.71,282.44,12,1.7,1.51,0.43,336,84,0,0.0,42.09,25,42,21,120,109,18.2,0,2026-08-31
SKU-0018,WH-SIN-01,Singapore Central,Consumer Electronics,B,SUP-036,161.61,342.38,23,5.8,3.63,1.77,882,133,1,7.3,48.0,115,99,97,174,158,5.4,0,2026-08-31
SKU-0019,WH-SIN-01,Singapore Central,FMCG Household,C,SUP-030,20.19,29.33,7,1.5,1.37,0.36,296,117,0,0.0,6.0,45,40,11,303,274,3.6,0,2026-08-31
SKU-0020,WH-SIN-01,Singapore Central,Automotive Parts,B,SUP-030,255.73,569.26,24,5.1,0.68,0.38,149,50,1,6.0,75.95,26,22,19,60,54,6.4,0,2026-08-31
SKU-0021,WH-SIN-01,Singapore Central,FMCG Household,C,SUP-012,12.7,20.6,9,1.1,3.16,0.75,730,458,1,0.5,3.77,129,83,32,580,525,10.6,0,2026-08-31
SKU-0022,WH-SIN-01,Singapore Central,Industrial Components,B,SUP-040,173.1,307.59,23,6.9,2.13,0.89,497,153,0,0.0,51.41,87,54,56,129,117,15.7,0,2026-08-31
SKU-0023,WH-SIN-01,Singapore Central,Apparel & Textiles,C,SUP-019,8.93,20.99,16,5.2,1.99,1.56,467,178,1,3.7,2.65,48,64,42,549,497,7.8,0,2026-08-31
SKU-0024,WH-SIN-01,Singapore Central,FMCG Household,C,SUP-022,8.23,12.66,6,0.6,6.24,2.05,1494,342,0,0.0,2.44,176,177,46,1013,917,11.5,0,2026-08-31
SKU-0025,WH-SIN-01,Singapore Central,FMCG Household,B,SUP-031,16.13,33.1,8,1.2,19.34,6.71,4464,1082,2,0.5,4.79,653,560,186,1273,1152,33.6,0,2026-08-31
SKU-0026,WH-SIN-01,Singapore Central,Consumer Electronics,B,SUP-027,106.41,159.92,21,6.8,5.81,3.77,1362,334,0,0.0,31.6,275,145,150,272,246,12.3,0,2026-08-31
SKU-0027,WH-SIN-01,Singapore Central,Medical Supplies,C,SUP-007,39.87,80.99,13,3.1,2.85,1.05,642,352,0,0.0,11.84,115,80,43,311,281,14.5,0,2026-08-31
SKU-0028,WH-SIN-01,Singapore Central,Consumer Electronics,A,SUP-013,358.61,636.13,22,3.0,2.82,1.33,646,127,1,4.4,106.51,107,85,72,103,93,7.0,0,2026-08-31
SKU-0029,WH-SIN-01,Singapore Central,Consumer Electronics,A,SUP-015,415.92,592.38,22,3.3,5.23,3.33,1201,240,0,0.0,123.53,147,170,141,130,118,16.1,0,2026-08-31
SKU-0030,WH-SIN-01,Singapore Central,Automotive Parts,C,SUP-038,207.91,329.52,33,8.7,0.97,0.46,224,55,2,2.0,61.75,24,27,36,79,72,4.1,0,2026-08-31
SKU-0031,WH-SIN-01,Singapore Central,FMCG Household,C,SUP-029,23.98,36.02,7,2.0,9.74,2.85,2316,678,0,0.0,7.12,349,336,81,741,670,9.4,0,2026-08-31
SKU-0032,WH-SIN-01,Singapore Central,Apparel & Textiles,C,SUP-015,94.16,125.23,16,4.0,3.02,2.55,710,170,1,4.5,27.97,70,85,65,208,188,21.3,0,2026-08-31
SKU-0033,WH-SIN-01,Singapore Central,Industrial Components,B,SUP-030,52.27,67.95,29,9.8,6.97,3.02,1596,288,1,4.1,15.52,202,196,229,425,384,9.3,0,2026-08-31
SKU-0034,WH-SIN-01,Singapore Central,Industrial Components,B,SUP-030,126.48,193.02,22,4.9,6.4,2.5,1399,394,0,0.0,37.56,191,219,160,262,237,13.6,0,2026-08-31
SKU-0035,WH-SIN-01,Singapore Central,Medical Supplies,B,SUP-016,77.95,100.82,16,2.8,5.08,1.55,1165,404,0,0.0,23.15,209,155,91,297,268,19.8,0,2026-08-31
SKU-0036,WH-SIN-01,Singapore Central,Consumer Electronics,C,SUP-017,75.02,104.13,21,4.6,1.61,0.89,367,30,0,0.0,22.28,45,46,41,170,154,3.2,1,2026-08-31
SKU-0037,WH-SIN-01,Singapore Central,Consumer Electronics,B,SUP-036,328.25,632.55,15,2.8,1.88,1.01,434,50,3,2.1,97.49,31,56,35,88,80,26.1,0,2026-08-31
SKU-0038,WH-SIN-01,Singapore Central,Medical Supplies,B,SUP-023,84.87,161.63,17,2.7,8.33,2.41,2024,487,1,6.8,25.21,283,280,158,364,329,16.7,0,2026-08-31
SKU-0039,WH-SIN-01,Singapore Central,Industrial Components,B,SUP-006,131.58,255.94,30,3.3,2.84,0.97,631,167,4,7.3,39.08,74,96,94,171,155,9.8,0,2026-08-31
SKU-0040,WH-SIN-01,Singapore Central,Automotive Parts,C,SUP-029,78.22,117.48,31,5.8,2.03,0.77,474,92,1,2.4,23.23,63,56,70,187,169,12.6,0,2026-08-31
SKU-0041,WH-SIN-01,Singapore Central,Medical Supplies,C,SUP-024,42.4,92.26,14,3.9,0.6,0.15,145,105,1,2.2,12.59,18,18,9,138,125,7.5,0,2026-08-31
SKU-0042,WH-SIN-01,Singapore Central,FMCG Household,B,SUP-021,25.68,45.35,9,0.9,11.82,3.81,2714,413,0,0.0,7.63,340,357,125,789,713,7.7,0,2026-08-31
SKU-0043,WH-SIN-01,Singapore Central,Automotive Parts,C,SUP-030,44.29,60.29,28,5.9,1.51,0.68,367,160,1,2.5,13.15,54,41,48,215,194,11.4,0,2026-08-31
SKU-0044,WH-SIN-01,Singapore Central,Industrial Components,C,SUP-037,74.35,102.09,28,7.3,0.89,0.38,199,66,1,5.5,22.08,18,27,28,127,115,8.7,0,2026-08-31
SKU-0045,WH-SIN-01,Singapore Central,FMCG Household,C,SUP-014,10.3,19.42,9,2.3,3.17,0.95,737,249,0,0.0,3.06,86,95,33,645,583,12.6,0,2026-08-31
SKU-0046,WH-SIN-01,Singapore Central,FMCG Household,C,SUP-017,15.25,21.25,9,2.6,5.65,1.29,1236,443,0,0.0,4.53,198,187,57,708,640,1.9,0,2026-08-31
SKU-0047,WH-SIN-01,Singapore Central,Industrial Components,B,SUP-008,159.92,267.7,22,6.7,1.38,0.42,309,57,0,0.0,47.5,37,46,34,108,98,4.7,0,2026-08-31
SKU-0048,WH-SIN-01,Singapore Central,Industrial Components,B,SUP-026,137.38,324.81,19,5.3,1.03,0.32,238,37,1,1.7,40.8,21,30,22,101,91,7.6,0,2026-08-31
SKU-0049,WH-SIN-01,Singapore Central,Automotive Parts,C,SUP-017,56.92,73.11,24,3.0,1.65,0.92,394,57,0,0.0,16.91,58,49,47,198,179,5.3,0,2026-08-31
SKU-0050,WH-SIN-01,Singapore Central,Consumer Electronics,B,SUP-014,136.38,176.19,18,3.9,2.89,1.43,671,209,1,1.5,40.5,110,92,62,169,153,8.0,0,2026-08-31
SKU-0051,WH-SIN-01,Singapore Central,Consumer Electronics,A,SUP-028,361.35,855.29,18,4.5,6.47,3.67,1572,296,5,2.2,107.32,196,184,142,156,141,6.7,0,2026-08-31
SKU-0052,WH-SIN-01,Singapore Central,Consumer Electronics,A,SUP-017,284.1,498.83,19,3.1,9.28,6.23,2109,173,2,1.8,84.38,164,293,221,210,190,9.8,1,2026-08-31
SKU-0053,WH-SIN-01,Singapore Central,FMCG Household,C,SUP-019,19.23,26.19,7,0.8,0.92,0.32,206,67,0,0.0,5.71,32,27,8,254,230,8.1,0,2026-08-31
SKU-0054,WH-SIN-01,Singapore Central,Automotive Parts,B,SUP-018,244.47,534.98,32,5.0,1.09,0.44,265,44,0,0.0,72.61,21,30,39,78,70,3.6,0,2026-08-31
SKU-0055,WH-SIN-01,Singapore Central,Automotive Parts,B,SUP-011,274.13,591.99,34,7.3,1.46,0.54,340,74,2,4.7,81.42,48,40,55,85,77,7.8,0,2026-08-31
SKU-0056,WH-SIN-01,Singapore Central,FMCG Household,C,SUP-006,4.45,7.58,7,1.4,12.37,3.01,2717,813,0,0.0,1.32,306,419,100,1940,1755,8.8,0,2026-08-31
SKU-0057,WH-SIN-01,Singapore Central,Medical Supplies,C,SUP-034,73.59,132.32,17,2.5,3.14,0.78,691,258,0,0.0,21.86,72,93,59,240,217,14.2,0,2026-08-31
SKU-0058,WH-SIN-01,Singapore Central,Automotive Parts,C,SUP-004,202.65,297.29,31,9.5,0.42,0.17,91,40,3,6.9,60.19,12,14,15,53,48,11.8,0,2026-08-31
SKU-0059,WH-SIN-01,Singapore Central,Consumer Electronics,B,SUP-013,171.92,225.67,19,6.3,3.77,2.19,904,110,0,0.0,51.06,111,108,87,172,156,5.1,0,2026-08-31
SKU-0060,WH-SIN-01,Singapore Central,Consumer Electronics,A,SUP-027,361.68,639.06,15,2.3,12.82,8.54,2872,350,0,0.0,107.42,338,395,247,219,198,12.4,0,2026-08-31
SKU-0061,WH-SIN-01,Singapore Central,Automotive Parts,C,SUP-006,184.42,273.67,32,10.6,0.43,0.2,99,52,2,4.3,54.77,15,16,16,56,51,11.6,0,2026-08-31
SKU-0062,WH-SIN-01,Singapore Central,Medical Supplies,A,SUP-027,141.13,260.82,18,1.9,5.09,1.65,1159,263,0,0.0,41.92,141,138,103,221,200,7.3,0,2026-08-31
SKU-0063,WH-SIN-01,Singapore Central,Automotive Parts,B,SUP-030,302.64,631.88,31,10.3,1.28,0.51,304,74,1,1.9,89.88,47,32,44,76,68,17.7,0,2026-08-31
SKU-0064,WH-SIN-01,Singapore Central,FMCG Household,C,SUP-027,15.62,20.19,10,3.4,7.24,2.35,1579,296,1,0.5,4.64,235,242,85,792,716,13.6,0,2026-08-31
SKU-0065,WH-SIN-01,Singapore Central,Automotive Parts,C,SUP-013,321.06,567.7,35,3.6,0.59,0.29,127,21,4,9.8,95.35,15,16,23,50,45,7.3,1,2026-08-31
SKU-0066,WH-SIN-01,Singapore Central,Medical Supplies,C,SUP-001,110.64,158.8,14,4.1,2.94,1.05,680,69,0,0.0,32.86,73,88,48,190,171,7.7,0,2026-08-31
SKU-0067,WH-SIN-01,Singapore Central,Medical Supplies,A,SUP-036,154.85,332.72,16,5.5,10.83,3.99,2553,370,0,0.0,45.99,214,308,200,307,278,3.6,0,2026-08-31
SKU-0068,WH-SIN-01,Singapore Central,Industrial Components,B,SUP-014,100.42,145.82,24,7.8,1.75,0.59,407,136,1,12.0,29.82,57,54,47,153,139,13.9,0,2026-08-31
SKU-0069,WH-SIN-01,Singapore Central,Consumer Electronics,A,SUP-033,232.06,414.3,23,7.9,10.23,4.73,2236,321,1,11.8,68.92,289,281,273,244,221,2.1,0,2026-08-31
SKU-0070,WH-SIN-01,Singapore Central,Medical Supplies,A,SUP-008,101.28,174.4,12,2.9,8.96,2.42,2120,225,1,0.5,30.08,148,264,121,346,313,14.7,0,2026-08-31
SKU-0071,WH-SIN-01,Singapore Central,Consumer Electronics,B,SUP-007,84.37,132.37,17,2.0,5.66,3.1,1242,259,0,0.0,25.06,153,177,117,301,272,7.0,0,2026-08-31
SKU-0072,WH-SIN-01,Singapore Central,Industrial Components,A,SUP-032,114.45,213.5,29,9.1,6.41,2.75,1424,122,1,3.8,33.99,158,175,210,275,249,6.7,1,2026-08-31
SKU-0073,WH-SIN-01,Singapore Central,FMCG Household,B,SUP-038,25.93,49.99,7,1.8,9.68,2.63,2100,770,0,0.0,7.7,397,272,79,710,643,19.9,0,2026-08-31
SKU-0074,WH-SIN-01,Singapore Central,Industrial Components,B,SUP-035,170.66,296.33,28,7.1,4.62,1.85,1123,122,6,4.6,50.69,89,134,145,191,173,4.9,1,2026-08-31
SKU-0075,WH-SIN-01,Singapore Central,Consumer Electronics,B,SUP-031,111.56,220.05,17,3.5,3.97,2.28,937,200,1,2.4,33.13,84,104,83,219,198,23.7,0,2026-08-31
SKU-0076,WH-SIN-01,Singapore Central,Industrial Components,B,SUP-010,100.0,234.76,31,7.5,2.07,0.64,488,186,0,0.0,29.7,79,60,70,167,151,6.1,0,2026-08-31
SKU-0077,WH-SIN-01,Singapore Central,Industrial Components,C,SUP-037,64.37,102.33,29,4.0,0.92,0.3,224,142,0,0.0,19.12,36,28,29,139,126,21.1,0,2026-08-31
SKU-0078,WH-SIN-01,Singapore Central,Automotive Parts,C,SUP-027,37.94,63.79,25,7.1,2.56,1.26,622,92,0,0.0,11.27,66,74,74,302,273,19.6,0,2026-08-31
SKU-0079,WH-SIN-01,Singapore Central,Medical Supplies,C,SUP-007,167.81,216.39,17,2.0,1.13,0.37,235,50,1,4.5,49.84,30,33,22,95,86,20.9,0,2026-08-31
SKU-0080,WH-SIN-01,Singapore Central,FMCG Household,B,SUP-006,14.21,28.8,7,2.0,11.66,3.25,2559,797,0,0.0,4.22,404,349,96,1053,953,14.4,0,2026-08-31
SKU-0081,WH-SIN-01,Singapore Central,Automotive Parts,C,SUP-035,128.41,216.65,29,9.1,1.25,0.51,276,102,3,3.4,38.14,21,35,41,115,104,11.2,0,2026-08-31
SKU-0082,WH-SIN-01,Singapore Central,Industrial Components,B,SUP-012,162.83,257.18,26,5.7,5.82,2.29,1269,209,3,2.4,48.36,107,185,171,220,199,8.8,0,2026-08-31
SKU-0083,WH-SIN-01,Singapore Central,FMCG Household,C,SUP-031,3.18,4.26,9,2.0,8.3,2.04,1787,714,2,0.5,0.94,239,281,85,1883,1703,5.6,0,2026-08-31
SKU-0084,WH-SIN-01,Singapore Central,Consumer Electronics,A,SUP-006,149.26,324.67,14,2.5,10.21,6.86,2295,444,0,0.0,44.33,417,293,185,304,275,14.8,0,2026-08-31
SKU-0085,WH-SIN-01,Singapore Central,Consumer Electronics,A,SUP-012,308.64,483.92,16,5.5,5.44,2.65,1162,145,1,0.9,91.67,151,170,104,154,140,10.4,0,2026-08-31
SKU-0086,WH-SIN-01,Singapore Central,Consumer Electronics,B,SUP-012,282.66,529.06,20,5.7,1.4,0.65,325,82,1,0.8,83.95,44,41,33,82,74,11.0,0,2026-08-31
SKU-0087,WH-SIN-01,Singapore Central,FMCG Household,C,SUP-012,27.55,37.94,8,1.5,7.69,2.2,1761,527,0,0.0,8.18,293,238,72,614,556,11.7,0,2026-08-31
SKU-0088,WH-SIN-01,Singapore Central,Medical Supplies,C,SUP-027,116.22,267.89,15,2.2,0.79,0.25,185,67,0,0.0,34.52,35,27,13,96,87,12.5,0,2026-08-31
SKU-0089,WH-SIN-01,Singapore Central,Consumer Electronics,B,SUP-037,224.06,313.04,14,2.2,3.43,1.94,805,183,1,1.1,66.55,92,108,60,144,130,6.1,0,2026-08-31
SKU-0090,WH-SIN-01,Singapore Central,Medical Supplies,A,SUP-037,139.92,197.58,14,3.0,10.6,3.17,2499,282,1,4.4,41.56,323,267,168,320,289,15.3,0,2026-08-31
SKU-0091,WH-SIN-01,Singapore Central,Consumer Electronics,A,SUP-030,383.75,815.16,22,7.4,6.64,4.56,1487,343,0,0.0,113.97,283,207,181,153,138,6.2,0,2026-08-31
SKU-0092,WH-SIN-01,Singapore Central,Automotive Parts,B,SUP-009,260.62,577.27,21,6.0,1.07,0.49,260,44,1,0.5,77.4,22,36,26,75,67,8.7,0,2026-08-31
SKU-0093,WH-SIN-01,Singapore Central,Medical Supplies,C,SUP-039,173.82,247.03,14,2.2,0.77,0.23,178,45,0,0.0,51.62,29,23,12,77,70,12.6,0,2026-08-31
SKU-0094,WH-SIN-01,Singapore Central,Industrial Components,B,SUP-022,207.25,339.27,30,9.4,1.42,0.49,292,41,2,5.5,61.55,34,46,47,96,87,13.0,1,2026-08-31
SKU-0095,WH-SIN-01,Singapore Central,Industrial Components,C,SUP-022,227.77,441.46,19,3.7,0.71,0.21,154,58,1,2.1,67.65,22,20,15,65,59,12.6,0,2026-08-31
SKU-0096,WH-SIN-01,Singapore Central,Automotive Parts,C,SUP-029,66.51,143.41,32,10.0,0.57,0.27,118,67,2,3.5,19.75,17,15,21,108,97,10.7,0,2026-08-31
SKU-0097,WH-SIN-01,Singapore Central,Industrial Components,B,SUP-031,195.24,303.38,21,3.4,2.81,0.89,642,89,1,0.6,57.99,68,85,66,139,126,27.7,0,2026-08-31
SKU-0098,WH-SIN-01,Singapore Central,Consumer Electronics,A,SUP-039,210.03,353.66,22,5.6,7.82,4.67,1775,246,1,10.9,62.38,189,198,208,224,203,18.6,0,2026-08-31
SKU-0099,WH-SIN-01,Singapore Central,Consumer Electronics,A,SUP-024,252.41,492.04,21,7.0,4.23,1.91,942,108,1,2.4,74.97,137,124,103,151,136,17.4,0,2026-08-31
SKU-0100,WH-SIN-01,Singapore Central,Apparel & Textiles,C,SUP-025,64.91,125.6,25,4.1,0.27,0.23,66,36,1,4.5,19.28,10,9,9,75,68,5.6,0,2026-08-31
SKU-0101,WH-SIN-01,Singapore Central,Apparel & Textiles,B,SUP-030,92.37,185.43,18,4.9,3.08,2.18,724,261,1,2.2,27.43,92,77,71,212,192,10.3,0,2026-08-31
SKU-0102,WH-SIN-01,Singapore Central,Automotive Parts,B,SUP-011,345.06,600.29,28,9.7,1.05,0.57,249,38,1,2.1,102.48,33,28,34,64,58,18.3,0,2026-08-31
SKU-0103,WH-SIN-01,Singapore Central,Industrial Components,C,SUP-013,87.75,118.21,28,3.9,1.77,0.63,384,78,1,6.9,26.06,61,48,55,165,149,14.3,0,2026-08-31
SKU-0104,WH-SIN-01,Singapore Central,Apparel & Textiles,A,SUP-026,71.84,158.04,18,2.2,13.35,7.73,2887,552,0,0.0,21.34,323,398,294,501,453,2.4,0,2026-08-31
SKU-0105,WH-SIN-01,Singapore Central,FMCG Household,C,SUP-003,21.75,46.44,7,1.9,1.04,0.34,238,205,0,0.0,6.46,37,30,9,254,230,7.0,0,2026-08-31
SKU-0106,WH-SIN-01,Singapore Central,Automotive Parts,C,SUP-013,140.88,285.94,21,3.9,0.74,0.36,171,43,0,0.0,41.84,27,25,18,84,76,6.1,0,2026-08-31
SKU-0107,WH-SIN-01,Singapore Central,Medical Supplies,C,SUP-029,32.81,44.1,18,2.1,2.99,1.03,616,237,1,2.3,9.74,143,97,61,351,318,4.1,0,2026-08-31
SKU-0108,WH-SIN-01,Singapore Central,Industrial Components,C,SUP-040,27.91,39.51,27,5.9,0.42,0.15,95,48,0,0.0,8.29,12,13,13,143,129,20.1,0,2026-08-31
SKU-0109,WH-SIN-01,Singapore Central,Consumer Electronics,A,SUP-021,336.5,656.84,20,5.8,10.9,6.52,2492,259,2,4.8,99.94,301,331,266,209,189,7.6,1,2026-08-31
SKU-0110,WH-SIN-01,Singapore Central,Apparel & Textiles,C,SUP-016,50.6,65.57,24,4.1,3.84,3.19,867,233,1,4.8,15.03,137,119,118,320,290,10.6,0,2026-08-31
SKU-0111,WH-SIN-01,Singapore Central,Medical Supplies,A,SUP-018,177.57,415.39,15,2.8,4.55,1.48,994,105,0,0.0,52.74,164,126,78,186,168,15.1,0,2026-08-31
SKU-0112,WH-SIN-01,Singapore Central,Consumer Electronics,B,SUP-028,219.37,340.52,18,5.6,3.28,1.73,728,173,2,3.7,65.15,89,106,71,142,129,15.1,0,2026-08-31
SKU-0113,WH-SIN-01,Singapore Central,Industrial Components,A,SUP-022,254.66,488.75,24,5.5,5.14,1.98,1163,108,1,4.8,75.63,144,139,139,165,149,11.5,1,2026-08-31
SKU-0114,WH-SIN-01,Singapore Central,Automotive Parts,B,SUP-001,161.7,351.16,30,9.3,2.21,1.1,507,125,1,1.7,48.02,76,71,76,136,123,6.0,0,2026-08-31
SKU-0115,WH-SIN-01,Singapore Central,Consumer Electronics,A,SUP-022,342.63,537.09,15,3.2,3.11,2.11,733,155,0,0.0,101.76,78,103,60,111,100,27.3,0,2026-08-31
SKU-0116,WH-SIN-01,Singapore Central,FMCG Household,C,SUP-017,5.12,7.7,9,3.0,5.74,1.55,1387,825,0,0.0,1.52,160,175,59,1231,1114,22.9,0,2026-08-31
SKU-0117,WH-SIN-01,Singapore Central,FMCG Household,C,SUP-029,16.89,30.11,9,2.4,10.03,2.78,2255,945,0,0.0,5.02,313,296,104,896,810,11.5,0,2026-08-31
SKU-0118,WH-SIN-01,Singapore Central,Automotive Parts,C,SUP-036,286.66,502.17,26,3.4,0.44,0.23,98,33,1,2.1,85.14,16,14,13,46,41,8.9,0,2026-08-31
SKU-0119,WH-SIN-01,Singapore Central,Medical Supplies,B,SUP-039,167.35,264.5,15,4.8,3.5,1.08,818,174,2,1.2,49.7,93,78,59,168,152,2.7,0,2026-08-31
SKU-0120,WH-SIN-01,Singapore Central,Automotive Parts,B,SUP-025,293.23,520.5,23,5.1,1.5,0.76,354,44,3,3.5,87.09,28,46,40,83,75,4.2,0,2026-08-31
SKU-0121,WH-SIN-01,Singapore Central,Automotive Parts,C,SUP-015,41.83,94.37,35,4.7,2.48,1.12,553,176,4,3.4,12.42,45,74,98,283,256,20.4,0,2026-08-31
SKU-0122,WH-SIN-01,Singapore Central,Automotive Parts,B,SUP-018,149.26,244.03,34,4.7,3.33,1.34,793,155,4,1.1,44.33,74,99,126,174,157,14.2,0,2026-08-31
SKU-0123,WH-SIN-01,Singapore Central,Consumer Electronics,C,SUP-008,63.26,89.2,22,6.0,2.32,1.45,558,144,2,1.3,18.79,51,74,62,223,201,4.0,0,2026-08-31
SKU-0124,WH-SIN-01,Singapore Central,Industrial Components,C,SUP-038,44.45,69.0,22,2.5,0.98,0.29,238,70,0,0.0,13.2,29,29,24,173,156,6.6,0,2026-08-31
SKU-0125,WH-SIN-01,Singapore Central,Consumer Electronics,A,SUP-034,298.24,467.37,15,2.6,12.66,6.19,3076,411,0,0.0,88.58,288,341,229,240,217,10.0,0,2026-08-31
SKU-0126,WH-SIN-01,Singapore Central,Medical Supplies,C,SUP-035,131.83,179.9,13,1.8,1.35,0.44,294,88,1,3.4,39.15,35,40,20,118,106,2.1,0,2026-08-31
SKU-0127,WH-SIN-01,Singapore Central,Industrial Components,C,SUP-014,205.24,284.52,19,4.0,1.3,0.52,297,69,0,0.0,60.96,33,39,28,93,84,18.2,0,2026-08-31
SKU-0128,WH-SIN-01,Singapore Central,Consumer Electronics,A,SUP-013,369.55,692.61,15,3.1,5.01,3.31,1145,151,1,2.7,109.76,139,152,96,135,122,16.1,0,2026-08-31
SKU-0129,WH-SIN-01,Singapore Central,Consumer Electronics,A,SUP-035,322.29,489.96,14,3.2,10.31,5.23,2343,399,2,2.1,95.72,405,314,177,208,188,10.5,0,2026-08-31
SKU-0130,WH-SIN-01,Singapore Central,Automotive Parts,B,SUP-022,286.28,656.25,35,5.9,0.99,0.38,218,81,3,2.6,85.03,35,32,38,68,62,22.8,0,2026-08-31
SKU-0131,WH-SIN-01,Singapore Central,Consumer Electronics,B,SUP-029,63.36,91.52,14,1.5,17.47,11.82,3675,608,1,3.0,18.82,536,473,317,610,552,3.5,0,2026-08-31
SKU-0132,WH-SIN-01,Singapore Central,Apparel & Textiles,C,SUP-020,28.4,38.15,17,4.3,5.28,3.21,1212,173,1,1.2,8.43,146,161,112,501,454,13.0,0,2026-08-31
SKU-0133,WH-SIN-01,Singapore Central,Automotive Parts,B,SUP-018,229.01,450.15,33,6.4,2.83,1.13,620,143,2,9.1,68.02,79,95,104,129,117,5.4,0,2026-08-31
SKU-0134,WH-SIN-01,Singapore Central,Industrial Components,A,SUP-026,225.67,487.59,25,6.6,4.23,1.38,971,161,1,9.3,67.02,139,107,117,159,144,4.4,0,2026-08-31
SKU-0135,WH-SIN-01,Singapore Central,Automotive Parts,B,SUP-033,31.44,46.24,32,4.1,8.99,4.2,1967,499,1,4.9,9.34,310,274,327,622,562,8.8,0,2026-08-31
SKU-0136,WH-SIN-01,Singapore Central,Consumer Electronics,B,SUP-014,237.99,336.5,20,2.1,3.01,1.98,647,68,0,0.0,70.68,74,86,75,131,118,4.3,1,2026-08-31
SKU-0137,WH-SIN-01,Singapore Central,Apparel & Textiles,C,SUP-033,66.92,93.84,25,4.1,0.5,0.4,116,73,0,0.0,19.88,15,14,16,100,91,4.6,0,2026-08-31
SKU-0138,WH-SIN-01,Singapore Central,Medical Supplies,C,SUP-010,16.97,28.66,16,3.4,7.85,2.63,1807,427,1,3.2,5.04,135,216,143,791,715,12.2,0,2026-08-31
SKU-0139,WH-SIN-01,Singapore Central,FMCG Household,C,SUP-017,13.03,21.31,8,1.6,4.09,1.01,963,309,0,0.0,3.87,131,121,37,651,589,3.8,0,2026-08-31
SKU-0140,WH-SIN-01,Singapore Central,Consumer Electronics,A,SUP-037,380.86,554.7,20,6.1,3.13,1.65,761,150,0,0.0,113.12,112,109,75,105,95,8.2,0,2026-08-31
SKU-0141,WH-SIN-01,Singapore Central,Medical Supplies,A,SUP-039,124.83,163.45,14,2.7,5.9,1.8,1368,211,0,0.0,37.07,170,157,94,253,229,26.8,0,2026-08-31
SKU-0142,WH-SIN-01,Singapore Central,Medical Supplies,C,SUP-037,51.93,85.6,14,3.3,1.03,0.27,241,130,0,0.0,15.42,44,28,16,164,148,4.9,0,2026-08-31
SKU-0143,WH-SIN-01,Singapore Central,Apparel & Textiles,C,SUP-013,82.19,189.1,21,5.2,0.95,0.61,205,134,0,0.0,24.41,24,25,25,125,113,16.3,0,2026-08-31
SKU-0144,WH-SIN-01,Singapore Central,Automotive Parts,C,SUP-034,141.37,259.35,23,2.4,0.31,0.13,66,36,1,3.2,41.99,10,11,8,54,49,3.6,0,2026-08-31
SKU-0145,WH-SIN-01,Singapore Central,Medical Supplies,C,SUP-038,155.36,258.24,17,3.9,1.41,0.36,343,94,0,0.0,46.14,43,41,26,111,100,4.1,0,2026-08-31
SKU-0146,WH-SIN-01,Singapore Central,Industrial Components,C,SUP-040,90.34,122.06,21,3.9,2.53,0.93,550,162,0,0.0,26.83,76,76,60,195,176,16.2,0,2026-08-31
SKU-0147,WH-SIN-01,Singapore Central,Industrial Components,B,SUP-001,160.86,233.43,20,4.1,3.25,1.27,701,124,2,3.7,47.78,97,94,74,165,149,6.0,0,2026-08-31
SKU-0148,WH-SIN-01,Singapore Central,Medical Supplies,B,SUP-030,78.69,116.77,13,1.6,5.28,1.32,1204,293,0,0.0,23.37,165,145,76,301,272,6.8,0,2026-08-31
SKU-0149,WH-SIN-01,Singapore Central,Medical Supplies,C,SUP-040,58.17,115.26,18,5.3,1.26,0.38,286,91,0,0.0,17.28,46,37,25,171,155,19.8,0,2026-08-31
SKU-0150,WH-SIN-01,Singapore Central,Consumer Electronics,B,SUP-031,377.46,812.82,17,5.7,0.5,0.32,109,45,3,4.1,112.11,20,18,11,42,38,5.5,0,2026-08-31
SKU-0151,WH-SIN-01,Singapore Central,FMCG Household,C,SUP-010,7.69,16.89,9,1.0,6.38,2.03,1434,492,0,0.0,2.28,195,215,67,1060,959,16.8,0,2026-08-31
SKU-0152,WH-SIN-01,Singapore Central,FMCG Household,C,SUP-031,5.12,12.03,9,2.3,4.6,1.5,1118,797,0,0.0,1.52,166,127,49,1102,997,8.6,0,2026-08-31
SKU-0153,WH-SIN-01,Singapore Central,Consumer Electronics,A,SUP-005,173.22,406.29,14,4.1,6.19,3.41,1353,148,0,0.0,51.45,161,197,108,220,199,17.2,0,2026-08-31
SKU-0154,WH-SIN-01,Singapore Central,Medical Supplies,A,SUP-020,132.56,303.4,17,2.9,5.29,1.86,1119,345,0,0.0,39.37,189,147,103,232,210,4.6,0,2026-08-31
SKU-0155,WH-SIN-01,Singapore Central,Consumer Electronics,A,SUP-026,347.79,461.17,16,4.8,5.07,2.53,1216,114,1,0.7,103.29,130,128,98,140,127,24.6,0,2026-08-31
SKU-0156,WH-SIN-01,Singapore Central,Automotive Parts,B,SUP-019,349.6,478.65,24,6.2,2.79,1.21,654,110,1,4.8,103.83,105,91,77,104,94,6.4,0,2026-08-31
SKU-0157,WH-SIN-01,Singapore Central,Industrial Components,C,SUP-028,89.72,133.83,27,9.0,1.89,0.58,417,106,0,0.0,26.65,85,63,56,169,153,9.9,0,2026-08-31
SKU-0158,WH-SIN-01,Singapore Central,Automotive Parts,B,SUP-010,160.54,276.34,34,11.7,1.88,0.85,393,52,3,4.0,47.68,56,62,72,126,114,13.0,1,2026-08-31
SKU-0159,WH-SIN-01,Singapore Central,FMCG Household,C,SUP-025,6.42,8.62,7,0.8,3.52,0.96,772,268,0,0.0,1.91,58,101,29,860,778,25.2,0,2026-08-31
SKU-0160,WH-SIN-01,Singapore Central,FMCG Household,C,SUP-026,17.37,36.53,8,1.7,3.92,1.0,893,393,0,0.0,5.16,106,116,36,552,500,11.8,0,2026-08-31
SKU-0161,WH-SIN-01,Singapore Central,Consumer Electronics,A,SUP-026,419.09,751.1,16,3.8,3.26,2.04,791,195,1,2.0,124.47,126,104,66,103,93,7.5,0,2026-08-31
SKU-0162,WH-SIN-01,Singapore Central,Apparel & Textiles,B,SUP-012,68.98,117.97,22,3.0,6.16,4.06,1329,224,1,3.4,20.49,211,191,167,347,314,15.5,0,2026-08-31
SKU-0163,WH-SIN-01,Singapore Central,Industrial Components,C,SUP-013,162.04,224.9,26,4.8,1.2,0.39,273,88,1,2.8,48.13,39,35,34,100,91,11.0,0,2026-08-31
SKU-0164,WH-SIN-01,Singapore Central,Consumer Electronics,A,SUP-011,192.14,278.94,19,6.6,4.57,2.16,1081,172,0,0.0,57.07,170,117,102,179,162,21.6,0,2026-08-31
SKU-0165,WH-SIN-01,Singapore Central,Medical Supplies,B,SUP-019,165.77,229.51,16,1.7,2.54,0.76,507,127,0,0.0,49.23,86,77,46,144,130,19.2,0,2026-08-31
SKU-0166,WH-SIN-01,Singapore Central,Industrial Components,B,SUP-024,138.25,292.1,20,4.3,2.07,0.68,499,82,0,0.0,41.06,80,68,46,142,129,5.8,0,2026-08-31
SKU-0167,WH-SIN-01,Singapore Central,FMCG Household,C,SUP-015,6.36,11.16,9,2.8,11.38,3.08,2436,979,1,1.6,1.89,417,305,118,1555,1406,6.7,0,2026-08-31
SKU-0168,WH-SIN-01,Singapore Central,FMCG Household,C,SUP-017,12.13,23.54,9,1.6,1.71,0.43,397,247,1,0.7,3.6,69,54,18,437,395,23.6,0,2026-08-31
SKU-0169,WH-SIN-01,Singapore Central,Industrial Components,C,SUP-012,34.25,50.86,27,5.9,0.85,0.34,197,77,0,0.0,10.17,28,26,26,183,166,12.5,0,2026-08-31
SKU-0170,WH-SIN-01,Singapore Central,Apparel & Textiles,C,SUP-009,25.57,39.56,16,5.5,0.79,0.67,191,85,1,1.7,7.59,29,25,17,204,185,4.2,0,2026-08-31
SKU-0171,WH-SIN-01,Singapore Central,Industrial Components,C,SUP-027,22.28,35.13,24,5.2,0.29,0.1,68,44,1,6.6,6.62,8,9,8,133,120,9.4,0,2026-08-31
SKU-0172,WH-SIN-01,Singapore Central,Medical Supplies,C,SUP-033,88.15,174.07,14,1.9,1.01,0.33,202,60,0,0.0,26.18,27,28,16,124,113,25.2,0,2026-08-31
SKU-0173,WH-SIN-01,Singapore Central,Industrial Components,B,SUP-012,171.56,341.79,19,2.1,4.92,2.05,1077,153,1,3.5,50.95,206,126,108,197,178,6.1,0,2026-08-31
SKU-0174,WH-SIN-01,Singapore Central,Apparel & Textiles,C,SUP-035,37.87,53.67,18,6.1,1.81,1.58,416,61,1,5.4,11.25,58,52,44,254,230,7.3,0,2026-08-31
SKU-0175,WH-SIN-01,Singapore Central,Consumer Electronics,A,SUP-023,202.64,459.45,18,3.0,6.45,3.82,1458,164,4,2.0,60.18,232,209,143,207,188,5.7,0,2026-08-31
SKU-0176,WH-SIN-01,Singapore Central,Consumer Electronics,A,SUP-007,404.7,549.44,21,4.7,10.66,7.04,2497,377,1,2.4,120.2,335,304,277,189,171,11.9,0,2026-08-31
SKU-0177,WH-SIN-01,Singapore Central,Medical Supplies,A,SUP-015,138.33,302.43,13,1.6,5.17,1.87,1231,192,0,0.0,41.08,138,145,78,225,203,8.7,0,2026-08-31
SKU-0178,WH-SIN-01,Singapore Central,Apparel & Textiles,C,SUP-001,55.05,74.01,25,5.1,1.41,1.14,332,128,1,2.0,16.35,43,35,45,186,168,8.7,0,2026-08-31
SKU-0179,WH-SIN-01,Singapore Central,FMCG Household,C,SUP-002,10.11,14.76,8,2.7,26.42,7.45,5966,1298,0,0.0,3.0,1059,918,246,1880,1701,14.4,0,2026-08-31
SKU-0180,WH-SIN-01,Singapore Central,FMCG Household,B,SUP-014,25.42,53.49,9,2.0,8.22,1.93,1693,634,1,1.7,7.55,282,265,84,661,598,5.6,0,2026-08-31
SKU-0181,WH-SIN-01,Singapore Central,FMCG Household,C,SUP-019,8.88,12.41,8,2.7,2.03,0.46,452,185,0,0.0,2.64,39,65,18,556,503,21.3,0,2026-08-31
SKU-0182,WH-SIN-01,Singapore Central,FMCG Household,C,SUP-032,11.13,17.64,8,1.3,5.29,1.5,1235,386,1,0.5,3.31,154,173,49,801,725,14.9,0,2026-08-31
SKU-0183,WH-SIN-01,Singapore Central,Medical Supplies,C,SUP-006,164.72,266.52,16,3.6,1.13,0.35,243,60,1,1.7,48.92,48,36,20,96,87,18.1,0,2026-08-31
SKU-0184,WH-SIN-01,Singapore Central,Industrial Components,C,SUP-034,146.15,211.29,30,9.4,0.87,0.3,205,90,2,1.2,43.41,25,26,29,90,81,8.1,0,2026-08-31
SKU-0185,WH-SIN-01,Singapore Central,FMCG Household,C,SUP-010,21.56,41.12,8,1.7,5.14,1.52,1231,222,0,0.0,6.4,96,152,48,568,514,10.8,0,2026-08-31
SKU-0186,WH-SIN-01,Singapore Central,Automotive Parts,B,SUP-006,219.04,462.58,28,4.8,1.53,0.72,352,69,0,0.0,65.05,66,44,49,97,88,5.8,0,2026-08-31
SKU-0187,WH-SIN-01,Singapore Central,Industrial Components,A,SUP-028,176.13,378.65,26,8.2,10.08,4.15,1927,271,0,0.0,52.31,354,374,297,278,252,3.0,1,2026-08-31
SKU-0188,WH-SIN-01,Singapore Central,Consumer Electronics,C,SUP-031,157.27,239.07,21,4.1,1.03,0.48,219,96,0,0.0,46.71,31,32,25,94,85,8.6,0,2026-08-31
SKU-0189,WH-SIN-01,Singapore Central,FMCG Household,C,SUP-025,9.03,15.33,6,1.4,13.47,3.4,3273,837,1,0.5,2.68,379,387,95,1421,1285,14.8,0,2026-08-31
SKU-0190,WH-SIN-01,Singapore Central,Industrial Components,C,SUP-005,96.04,139.07,25,8.6,0.68,0.28,151,59,1,8.6,28.52,26,21,19,98,89,9.6,0,2026-08-31
SKU-0191,WH-SIN-01,Singapore Central,Apparel & Textiles,C,SUP-005,21.52,31.1,21,3.1,4.04,3.34,825,230,1,4.5,6.39,109,110,110,504,456,5.2,0,2026-08-31
SKU-0192,WH-SIN-01,Singapore Central,Industrial Components,B,SUP-016,229.58,318.0,30,5.3,1.32,0.58,321,30,0,0.0,68.19,50,45,45,88,80,4.2,1,2026-08-31
SKU-0193,WH-SIN-01,Singapore Central,Consumer Electronics,C,SUP-019,151.22,342.44,18,1.9,0.58,0.38,133,63,1,4.8,44.91,20,16,13,72,65,8.2,0,2026-08-31
SKU-0194,WH-SIN-01,Singapore Central,FMCG Household,B,SUP-040,17.04,37.02,8,1.6,19.75,6.64,4776,447,1,1.0,5.06,636,619,189,1252,1132,15.1,0,2026-08-31
SKU-0195,WH-SIN-01,Singapore Central,Consumer Electronics,A,SUP-012,341.99,683.77,23,3.5,2.35,1.22,545,83,1,5.3,101.57,74,77,64,96,87,6.6,0,2026-08-31
SKU-0196,WH-SIN-01,Singapore Central,Consumer Electronics,B,SUP-008,338.93,570.93,18,4.9,2.59,1.4,606,85,1,1.4,100.66,76,80,56,102,92,14.2,0,2026-08-31
SKU-0197,WH-SIN-01,Singapore Central,Automotive Parts,C,SUP-038,170.28,282.21,23,3.3,0.8,0.33,186,65,0,0.0,50.57,30,24,21,80,72,8.5,0,2026-08-31
SKU-0198,WH-SIN-01,Singapore Central,FMCG Household,C,SUP-007,14.91,25.3,7,1.9,5.85,1.76,1386,471,0,0.0,4.43,146,176,49,728,659,3.9,0,2026-08-31
SKU-0199,WH-SIN-01,Singapore Central,Consumer Electronics,A,SUP-002,418.01,712.31,14,2.3,7.49,5.04,1820,94,0,0.0,124.15,149,224,136,156,141,3.6,1,2026-08-31
SKU-0200,WH-SIN-01,Singapore Central,Industrial Components,B,SUP-017,181.25,290.67,18,3.4,1.14,0.38,274,37,0,0.0,53.83,40,32,23,92,83,11.5,0,2026-08-31
SKU-0201,WH-SIN-01,Singapore Central,FMCG Household,C,SUP-017,23.37,31.9,8,1.5,10.32,3.04,2159,607,1,0.7,6.94,359,297,97,773,699,4.3,0,2026-08-31
SKU-0202,WH-SIN-01,Singapore Central,Apparel & Textiles,B,SUP-025,86.52,117.75,24,6.7,4.65,3.04,1087,69,1,4.2,25.7,157,158,136,270,244,14.6,1,2026-08-31
SKU-0203,WH-SIN-01,Singapore Central,Medical Supplies,A,SUP-036,144.32,330.11,17,3.7,8.22,2.16,1992,170,0,0.0,42.86,274,244,154,277,251,3.8,0,2026-08-31
SKU-0204,WH-SIN-01,Singapore Central,Consumer Electronics,B,SUP-038,114.44,188.7,14,2.7,1.89,0.92,459,113,1,3.3,33.99,54,53,32,149,135,12.4,0,2026-08-31
SKU-0205,WH-SIN-01,Singapore Central,Consumer Electronics,B,SUP-012,255.81,585.58,19,5.9,1.44,0.65,321,106,0,0.0,75.98,52,41,32,87,79,8.4,0,2026-08-31
SKU-0206,WH-SIN-01,Singapore Central,Industrial Components,C,SUP-040,42.66,59.16,20,4.9,4.52,1.94,1096,214,0,0.0,12.67,137,149,105,378,342,3.9,0,2026-08-31
SKU-0207,WH-SIN-01,Singapore Central,Consumer Electronics,A,SUP-026,289.85,499.39,23,3.5,3.15,1.7,755,132,2,7.6,86.09,86,100,86,121,110,6.6,0,2026-08-31
SKU-0208,WH-SIN-01,Singapore Central,Automotive Parts,A,SUP-003,335.71,476.03,23,7.5,5.15,2.72,1251,167,1,2.7,99.71,147,162,140,144,130,9.2,0,2026-08-31
SKU-0209,WH-SIN-01,Singapore Central,Consumer Electronics,A,SUP-038,237.27,344.44,20,3.7,5.99,3.65,1314,336,0,0.0,70.47,263,176,147,185,167,6.6,0,2026-08-31
SKU-0210,WH-SIN-01,Singapore Central,Medical Supplies,C,SUP-006,84.74,110.17,13,1.4,2.52,0.67,560,173,1,1.0,25.17,48,80,37,200,181,12.9,0,2026-08-31
SKU-0211,WH-SIN-01,Singapore Central,Automotive Parts,C,SUP-024,41.47,56.26,30,6.7,1.65,0.65,371,67,1,0.6,12.32,56,47,55,232,210,15.6,0,2026-08-31
SKU-0212,WH-SIN-01,Singapore Central,Automotive Parts,A,SUP-032,337.13,749.29,27,3.5,6.77,3.55,1506,151,0,0.0,100.13,132,198,213,165,149,12.7,1,2026-08-31
SKU-0213,WH-SIN-01,Singapore Central,Consumer Electronics,A,SUP-010,83.63,125.9,21,3.4,15.14,7.65,3295,617,1,4.4,24.84,452,494,376,495,447,11.9,0,2026-08-31
SKU-0214,WH-SIN-01,Singapore Central,FMCG Household,C,SUP-011,4.03,7.18,7,2.0,9.65,3.27,1880,922,1,0.5,1.2,268,312,82,1797,1625,10.1,0,2026-08-31
SKU-0215,WH-SIN-01,Singapore Central,Automotive Parts,C,SUP-020,108.74,177.51,34,4.5,2.08,0.81,464,54,5,2.0,32.3,35,57,78,161,145,5.4,1,2026-08-31
SKU-0216,WH-SIN-01,Singapore Central,FMCG Household,C,SUP-036,4.64,7.3,8,2.4,14.47,4.48,3370,263,2,2.0,1.38,480,401,137,2052,1856,7.4,0,2026-08-31
SKU-0217,WH-SIN-01,Singapore Central,Consumer Electronics,B,SUP-009,215.67,366.46,21,7.0,1.58,1.01,351,61,3,3.8,64.05,44,48,41,100,90,15.7,0,2026-08-31
SKU-0218,WH-SIN-01,Singapore Central,Consumer Electronics,A,SUP-027,238.53,334.73,22,5.5,7.0,3.49,1701,118,1,2.4,70.84,117,243,181,199,180,6.7,1,2026-08-31
SKU-0219,WH-SIN-01,Singapore Central,Apparel & Textiles,C,SUP-019,35.19,82.98,27,7.5,1.43,0.93,327,138,2,5.3,10.45,52,36,47,234,212,9.0,0,2026-08-31
SKU-0220,WH-SIN-01,Singapore Central,Industrial Components,C,SUP-005,30.33,62.48,21,5.8,2.47,1.07,600,236,0,0.0,9.01,99,76,60,332,300,11.1,0,2026-08-31
SKU-0221,WH-SIN-01,Singapore Central,Industrial Components,C,SUP-029,45.01,87.74,22,7.7,0.88,0.28,204,73,0,0.0,13.37,36,23,22,163,147,6.4,0,2026-08-31
SKU-0222,WH-SIN-01,Singapore Central,Medical Supplies,C,SUP-034,76.6,125.32,13,2.4,0.91,0.27,217,43,0,0.0,22.75,30,26,13,127,115,13.4,0,2026-08-31
SKU-0223,WH-SIN-01,Singapore Central,Automotive Parts,C,SUP-024,49.37,68.1,24,3.4,0.17,0.08,39,16,1,5.4,14.66,5,5,5,68,62,5.8,0,2026-08-31
SKU-0224,WH-SIN-01,Singapore Central,Apparel & Textiles,C,SUP-008,68.74,153.25,22,5.1,1.14,0.73,277,50,3,3.1,20.42,45,33,31,150,135,26.9,0,2026-08-31
SKU-0225,WH-SIN-01,Singapore Central,Industrial Components,C,SUP-007,68.1,103.64,31,7.2,1.12,0.45,257,118,2,7.6,20.23,47,32,39,149,135,6.4,0,2026-08-31
SKU-0226,WH-SIN-01,Singapore Central,Apparel & Textiles,C,SUP-017,34.28,44.99,26,3.8,2.2,1.77,516,241,0,0.0,10.18,84,66,72,295,266,5.8,0,2026-08-31
SKU-0227,WH-SIN-01,Singapore Central,Consumer Electronics,A,SUP-021,192.8,293.57,19,4.8,12.0,6.4,2794,365,1,1.1,57.26,293,343,274,290,262,2.5,0,2026-08-31
SKU-0228,WH-SIN-01,Singapore Central,Medical Supplies,B,SUP-023,81.99,165.97,16,1.7,7.46,2.63,1678,337,0,0.0,24.35,238,194,137,351,317,4.4,0,2026-08-31
SKU-0229,WH-SIN-01,Singapore Central,Automotive Parts,C,SUP-010,30.53,54.93,33,11.0,0.63,0.25,147,61,1,3.9,9.07,21,20,23,167,151,8.1,0,2026-08-31
SKU-0230,WH-SIN-01,Singapore Central,Consumer Electronics,B,SUP-021,87.03,170.75,23,3.8,3.94,1.74,957,196,1,5.6,25.85,74,126,104,247,224,24.6,0,2026-08-31
SKU-0231,WH-SIN-01,Singapore Central,Consumer Electronics,A,SUP-012,368.54,745.59,15,1.6,1.89,1.1,426,76,1,1.3,109.46,64,61,35,83,75,9.6,0,2026-08-31
SKU-0232,WH-SIN-01,Singapore Central,Industrial Components,C,SUP-028,18.3,26.01,25,3.2,1.05,0.46,245,152,2,5.8,5.44,48,27,30,278,252,12.3,0,2026-08-31
SKU-0233,WH-SIN-01,Singapore Central,Apparel & Textiles,C,SUP-032,52.21,116.69,25,4.0,2.57,1.47,625,118,0,0.0,15.51,89,79,76,258,233,6.7,0,2026-08-31
SKU-0234,WH-SIN-01,Singapore Central,Automotive Parts,B,SUP-027,186.64,299.91,25,4.2,1.5,0.6,363,43,0,0.0,55.43,60,48,42,104,94,16.7,0,2026-08-31
SKU-0235,WH-SIN-01,Singapore Central,Apparel & Textiles,C,SUP-001,36.98,67.24,20,2.2,2.68,1.94,613,156,2,2.9,10.98,85,73,68,313,283,9.2,0,2026-08-31
SKU-0236,WH-SIN-01,Singapore Central,FMCG Household,C,SUP-040,13.78,17.69,10,1.7,16.25,5.3,3241,467,0,0.0,4.09,489,488,190,1263,1142,16.0,0,2026-08-31
SKU-0237,WH-SIN-01,Singapore Central,Medical Supplies,C,SUP-001,143.14,338.88,19,2.8,1.46,0.37,343,94,0,0.0,42.51,48,43,30,117,106,11.9,0,2026-08-31
SKU-0238,WH-SIN-01,Singapore Central,FMCG Household,C,SUP-040,24.03,35.4,10,1.9,10.32,2.83,2079,504,0,0.0,7.14,260,361,118,762,689,1.8,0,2026-08-31
SKU-0239,WH-SIN-01,Singapore Central,Consumer Electronics,A,SUP-002,142.63,188.25,21,4.1,22.35,13.97,5431,825,3,0.6,42.36,542,787,575,460,416,20.8,0,2026-08-31
SKU-0240,WH-SIN-01,Singapore Central,Consumer Electronics,B,SUP-021,165.93,269.79,16,3.0,5.42,2.88,1249,183,1,1.6,49.28,211,138,106,210,190,15.3,0,2026-08-31
SKU-0241,WH-SIN-01,Singapore Central,FMCG Household,C,SUP-005,9.06,12.35,7,1.3,32.45,8.04,7806,2877,2,1.0,2.69,1287,1192,262,2201,1991,14.6,0,2026-08-31
SKU-0242,WH-SIN-01,Singapore Central,FMCG Household,C,SUP-004,15.0,20.69,8,1.0,8.71,2.17,1894,447,1,2.0,4.46,210,240,80,885,801,9.0,0,2026-08-31
SKU-0243,WH-SIN-01,Singapore Central,Industrial Components,B,SUP-028,183.35,331.93,25,2.7,2.85,0.98,597,181,1,5.6,54.45,105,93,79,145,131,14.9,0,2026-08-31
SKU-0244,WH-SIN-01,Singapore Central,Medical Supplies,C,SUP-030,50.35,78.85,15,2.3,2.7,0.82,625,179,0,0.0,14.95,81,88,46,269,244,5.5,0,2026-08-31
SKU-0245,WH-SIN-01,Singapore Central,Automotive Parts,C,SUP-005,135.84,303.12,30,8.7,0.7,0.37,160,41,0,0.0,40.34,23,19,24,83,76,7.3,0,2026-08-31
SKU-0246,WH-SIN-01,Singapore Central,FMCG Household,C,SUP-040,26.26,39.48,7,2.4,3.82,1.16,850,245,0,0.0,7.8,128,120,32,443,401,7.7,0,2026-08-31
SKU-0247,WH-SIN-01,Singapore Central,Automotive Parts,C,SUP-013,45.54,87.82,32,10.6,2.9,1.45,665,186,0,0.0,13.53,108,86,106,293,265,8.9,0,2026-08-31
SKU-0248,WH-SIN-01,Singapore Central,Industrial Components,C,SUP-013,129.51,210.93,22,5.0,1.27,0.55,309,96,0,0.0,38.46,40,40,32,115,104,14.8,0,2026-08-31
SKU-0249,WH-SIN-01,Singapore Central,Industrial Components,B,SUP-012,190.2,350.65,22,5.1,1.92,0.66,458,114,1,3.0,56.49,77,59,47,117,106,10.6,0,2026-08-31
SKU-0250,WH-SIN-01,Singapore Central,Medical Supplies,B,SUP-019,37.28,66.09,12,2.1,8.99,2.65,2168,447,0,0.0,11.07,293,299,123,571,517,4.8,0,2026-08-31
